username,volume,difficulty,score,nsfw_level,content_generator
akura_01,90.0,0.0,70,safe,claude
fit_american_girl,40.0,0.0,70,safe,claude
naughty_rider_69,0.0,0.0,70,safe,claude
latina_daily,90.0,0.0,60,safe,claude
247asians,70.0,0.0,60,safe,claude
fistingqueen2cum,50.0,0.0,60,nsfw,arliai
cassies1,0.0,0.0,60,nsfw,arliai
tasty_hot_latinas,720.0,0.0,55,safe,claude
asian_diana69,40.0,0.0,50,safe,claude
asian_yasu,30.0,0.0,50,safe,claude
c302400,0.0,0.0,50,safe,claude
c_o_n_q_u_e_r,0.0,0.0,50,safe,claude
asianqueen93,0.0,0.0,50,safe,claude
alana_lopez,0.0,0.0,50,safe,claude
hi_miki,0.0,0.0,50,safe,claude
anabel054,0.0,0.0,50,safe,claude
yours_anastasia,0.0,0.0,50,safe,claude
anapaula64,0.0,0.0,50,safe,claude
andi_bird,0.0,0.0,50,safe,claude
its_time4,0.0,0.0,50,safe,claude
cleopatra_sinns,0.0,0.0,50,safe,claude
adorable_alexa,0.0,0.0,50,safe,claude
bigthickgirl35,0.0,0.0,50,safe,claude
asmodeo_cox,0.0,0.0,50,safe,claude
harmonycoxx_,0.0,0.0,50,safe,claude
anfisavisti_original,0.0,0.0,50,safe,claude
brave_journey,0.0,0.0,50,safe,claude
girl_kiraa,0.0,0.0,50,safe,claude
best_trip,0.0,0.0,50,safe,claude
2photogs_raw,0.0,0.0,50,safe,claude
angel_gelya,0.0,0.0,50,safe,claude
cute_fox_girl,0.0,0.0,50,safe,claude
brielle_1,0.0,0.0,50,safe,claude
chaturbabe__,0.0,0.0,50,safe,claude
eve003300,0.0,0.0,50,safe,claude
ali_tom,0.0,0.0,50,safe,claude
ellaa91,0.0,0.0,50,safe,claude
girl_next_door19,0.0,0.0,50,safe,claude
5star_ash,0.0,0.0,50,safe,claude
bliss_emily,0.0,0.0,50,safe,claude
dina_coy,0.0,0.0,50,safe,claude
akina520,0.0,0.0,50,safe,claude
angelina_new,0.0,0.0,50,safe,claude
cute_caprice,0.0,0.0,50,safe,claude
aliii1123,0.0,0.0,50,safe,claude
vivian_qwerty,0.0,0.0,50,safe,claude
dirtygirls99,0.0,0.0,50,safe,claude
girasol_walton,0.0,0.0,50,safe,claude
alisha_brainly,0.0,0.0,50,safe,claude
angell6969,0.0,0.0,50,safe,claude
x_lily_x,0.0,0.0,50,safe,claude
alissa_wxw,0.0,0.0,50,safe,claude
floret_joy,0.0,0.0,50,safe,claude
angels_kiss,0.0,0.0,50,safe,claude
vivid_girls,0.0,0.0,50,safe,claude
alexa_in,0.0,0.0,50,safe,claude
girl_i_am,0.0,0.0,50,safe,claude
bush_woman,0.0,0.0,50,safe,claude
heyhorny_cb,0.0,0.0,50,nsfw,arliai
greydesire69,0.0,0.0,50,safe,claude
elli_harmon,0.0,0.0,50,safe,claude
alma_pearl,0.0,0.0,50,safe,claude
daily_stories,0.0,0.0,50,safe,claude
ashley_ospino,0.0,0.0,50,safe,claude
farmfun17,0.0,0.0,50,safe,claude
alpha_luke,0.0,0.0,50,safe,claude
xxx_leila,0.0,0.0,50,nsfw,arliai
alya101,0.0,0.0,50,safe,claude
alycia_xo,0.0,0.0,50,safe,claude
babydoll_laura,0.0,0.0,50,safe,claude
holly__milk,0.0,0.0,50,safe,claude
babyface_cb,0.0,0.0,50,safe,claude
gypsy_rebellion,0.0,0.0,50,safe,claude
alicia_lang,0.0,0.0,50,safe,claude
capt_rubi,0.0,0.0,50,safe,claude
dakota_blare,0.0,0.0,50,safe,claude
waki_lucky,0.0,0.0,50,safe,claude
_g1ltter_,0.0,0.0,50,safe,claude
_pinacolada_,0.0,0.0,50,safe,claude
wanda_walton,0.0,0.0,50,safe,claude
_hidden_gem_,0.0,0.0,50,safe,claude
homeofsex_,0.0,0.0,50,safe,claude
bitter_moon,0.0,0.0,50,safe,claude
belle_adrienne,0.0,0.0,50,safe,claude
ambertan1,0.0,0.0,50,safe,claude
gia_is_horny,0.0,0.0,50,nsfw,arliai
calehot98,0.0,0.0,50,safe,claude
bailey_eilish,0.0,0.0,50,safe,claude
heyitscoco_xx,0.0,0.0,50,safe,claude
_magic_smile_,0.0,0.0,50,safe,claude
_marvelous_time_,0.0,0.0,50,safe,claude
_marydel_,0.0,0.0,50,safe,claude
allanarey151,0.0,0.0,50,safe,claude
a_whole_eternity,0.0,0.0,50,safe,claude
drewrose24,0.0,0.0,50,safe,claude
abby_laker,0.0,0.0,50,safe,claude
graciemae_baexx,0.0,0.0,50,safe,claude
ariel_rouse,0.0,0.0,50,safe,claude
_natycutei19,0.0,0.0,50,safe,claude
brittney_gray,0.0,0.0,50,safe,claude
amy_queen7,0.0,0.0,50,safe,claude
chloeeey1,0.0,0.0,50,safe,claude
itsalwayssunny6969,0.0,0.0,50,safe,claude
irisbb2003,0.0,0.0,50,safe,claude
bianca_and_maxwell,0.0,0.0,50,safe,claude
ashley_jones9,0.0,0.0,50,safe,claude
hannahjames710,0.0,0.0,50,safe,claude
augusta77,0.0,0.0,50,safe,claude
ava_adora,0.0,0.0,50,safe,claude
bibi_it_is,0.0,0.0,50,safe,claude
godsgifts1,0.0,0.0,50,safe,claude
_sunny_mood,0.0,0.0,50,safe,claude
iamcharlotte1,0.0,0.0,50,safe,claude
blush_mikki,0.0,0.0,50,safe,claude
_vi_vi_,0.0,0.0,50,safe,claude
ashleymoore_9,0.0,0.0,50,safe,claude
itz_theo,0.0,0.0,50,safe,claude
cute00kiara,0.0,0.0,50,safe,claude
you_fell_in_love,0.0,0.0,50,safe,claude
im_jeremy,0.0,0.0,50,safe,claude
enchant_baby_,0.0,0.0,50,safe,claude
becky_baker,0.0,0.0,50,safe,claude
hotel77777,0.0,0.0,50,safe,claude
abiee__,0.0,0.0,50,safe,claude
abigail_w,0.0,0.0,50,safe,claude
amilia4u,0.0,0.0,50,safe,claude
jolly_bell,0.0,0.0,50,safe,claude
kaitlyn__brown,0.0,0.0,50,safe,claude
ki_mi,0.0,0.0,50,safe,claude
krisi_kiss,0.0,0.0,50,safe,claude
kingbear777,0.0,0.0,50,safe,claude
kira0541,0.0,0.0,50,safe,claude
large_ocean,0.0,0.0,50,safe,claude
jade49,0.0,0.0,50,safe,claude
lau__1,0.0,0.0,50,safe,claude
lana__j,0.0,0.0,50,safe,claude
li_ni_,0.0,0.0,50,safe,claude
lili_foxy,0.0,0.0,50,safe,claude
lexaarose05,0.0,0.0,50,safe,claude
little_effy18,0.0,0.0,50,safe,claude
little_lies,0.0,0.0,50,safe,claude
lil_eva,0.0,0.0,50,safe,claude
lil_stephanie,0.0,0.0,50,safe,claude
live_gg,0.0,0.0,50,safe,claude
viic_strong1,0.0,0.0,50,safe,claude
little_lolla17,0.0,0.0,50,safe,claude
little_poetry,0.0,0.0,50,safe,claude
lolaconeja1,0.0,0.0,50,safe,claude
lovely_shyy,0.0,0.0,50,safe,claude
loving_ladies,0.0,0.0,50,safe,claude
lucia_sandy,0.0,0.0,50,safe,claude
lucylia_,0.0,0.0,50,safe,claude
luxcher22,0.0,0.0,50,safe,claude
maay_flowers,0.0,0.0,50,safe,claude
mariana_vidal,0.0,0.0,50,safe,claude
mary_u,0.0,0.0,50,safe,claude
maryjane3_14,0.0,0.0,50,safe,claude
marylou2000,0.0,0.0,50,safe,claude
melissa_shawty,0.0,0.0,50,safe,claude
mayabaee1,0.0,0.0,50,safe,claude
mazzanti_,0.0,0.0,50,safe,claude
mia_elfie,0.0,0.0,50,safe,claude
megan_myersss,0.0,0.0,50,safe,claude
mila_1,0.0,0.0,50,safe,claude
miamore01,0.0,0.0,50,safe,claude
vanessa_love,0.0,0.0,50,safe,claude
venus_in_jeans,0.0,0.0,50,safe,claude
milly____,0.0,0.0,50,safe,claude
mis_eva,0.0,0.0,50,safe,claude
misaki_yuna,0.0,0.0,50,safe,claude
missmila27,0.0,0.0,50,safe,claude
monika_youthfull,0.0,0.0,50,safe,claude
ms_seductive,0.0,0.0,50,safe,claude
my_moon_light,0.0,0.0,50,safe,claude
my_parisss,0.0,0.0,50,safe,claude
graceh0lt,0.0,0.0,50,safe,claude
naughty_skull,0.0,0.0,50,safe,claude
ohanna_,0.0,0.0,50,safe,claude
nina_agdal,0.0,0.0,50,safe,claude
nina_mon,0.0,0.0,50,safe,claude
nolimitscoupl3,0.0,0.0,50,safe,claude
oda_assuri,0.0,0.0,50,nsfw,arliai
one_more_cum,0.0,0.0,50,nsfw,arliai
prettykitten123,0.0,0.0,50,safe,claude
princess_cece,0.0,0.0,50,safe,claude
phoenix_taylor,0.0,0.0,50,safe,claude
pookie_putang,0.0,0.0,50,safe,claude
poopsie_oopsie,0.0,0.0,50,safe,claude
refined_style,0.0,0.0,50,safe,claude
roselyn_rose,0.0,0.0,50,safe,claude
sarah_taylor_1,0.0,0.0,50,safe,claude
sary_hott,0.0,0.0,50,safe,claude
secret18slaveanon,0.0,0.0,50,safe,claude
sandrami__,0.0,0.0,50,safe,claude
seon_mi,0.0,0.0,50,safe,claude
unearthly_julia,0.0,0.0,50,safe,claude
shy_model19,0.0,0.0,50,safe,claude
sillysara8,0.0,0.0,50,safe,claude
small_blondee,0.0,0.0,50,safe,claude
sia_woori,0.0,0.0,50,safe,claude
sofia_mendez01,0.0,0.0,50,safe,claude
sonya_kelsey,0.0,0.0,50,safe,claude
soy_sofia,0.0,0.0,50,safe,claude
spartan8021,0.0,0.0,50,safe,claude
sue_kotara,0.0,0.0,50,safe,claude
sunny_maria,0.0,0.0,50,safe,claude
sup3rn0v4g1rl,0.0,0.0,50,safe,claude
sussi_240,0.0,0.0,50,safe,claude
sweet_littleee,0.0,0.0,50,safe,claude
sweetmar__,0.0,0.0,50,safe,claude
sweetteets24,0.0,0.0,50,safe,claude
task_manager,0.0,0.0,50,safe,claude
007movie,0.0,0.0,50,safe,claude
tayssa_maravilh,0.0,0.0,50,safe,claude
tessarosse_,0.0,0.0,50,safe,claude
tina702,0.0,0.0,50,safe,claude
tokioo69,0.0,0.0,50,safe,claude
tiff001,0.0,0.0,50,safe,claude
zt0_,0.0,0.0,50,safe,claude
trixie_taylor,0.0,0.0,50,safe,claude
1_love_8,0.0,0.0,50,safe,claude
merged_keywords_enhanced,170.0,30.0,40,safe,claude
adelina_shine,0.0,0.0,40,safe,claude
adelladulce1,0.0,0.0,40,safe,claude
_simoon_,0.0,0.0,40,safe,claude
_sleepyjenny_,0.0,0.0,40,safe,claude
_stella_aa,0.0,0.0,40,safe,claude
_stepha_snayd_,0.0,0.0,40,safe,claude
_thatcouple_,0.0,0.0,40,safe,claude
_veenus,0.0,0.0,40,safe,claude
_xobbylizziexo,0.0,0.0,40,safe,claude
_yourfoxy_,0.0,0.0,40,safe,claude
aestetic_boyy,0.0,0.0,40,safe,claude
ahgel_love,0.0,0.0,40,safe,claude
ai_ai_katty777,0.0,0.0,40,safe,claude
aiko_miracle,0.0,0.0,40,safe,claude
ailee_kawaii,0.0,0.0,40,safe,claude
aisha_fendyy,0.0,0.0,40,safe,claude
abbyprince1,0.0,0.0,40,safe,claude
abie_owen,0.0,0.0,40,safe,claude
abony_sex69,0.0,0.0,40,safe,claude
about_the_bulge,0.0,0.0,40,safe,claude
abrahamynoah_gh,0.0,0.0,40,safe,claude
absolutely_perfect7,0.0,0.0,40,safe,claude
aceofspades626,0.0,0.0,40,safe,claude
acs995,0.0,0.0,40,safe,claude
alanmill3r,0.0,0.0,40,safe,claude
alena11111,0.0,0.0,40,safe,claude
alessa_m71,0.0,0.0,40,safe,claude
alessa_wells,0.0,0.0,40,safe,claude
alessandroo013,0.0,0.0,40,safe,claude
alex_bigcumvez,0.0,0.0,40,nsfw,arliai
alex_saeli,0.0,0.0,40,safe,claude
adharacute19,0.0,0.0,40,safe,claude
adreeaperez1,0.0,0.0,40,safe,claude
adri_dream,0.0,0.0,40,safe,claude
adrianawow1,0.0,0.0,40,safe,claude
adventure1time,0.0,0.0,40,safe,claude
advp69,0.0,0.0,40,safe,claude
aerri_nee,0.0,0.0,40,safe,claude
alexie33,0.0,0.0,40,safe,claude
alexisl0ve,0.0,0.0,40,safe,claude
alexxxis0228,0.0,0.0,40,nsfw,arliai
alfie_evanss,0.0,0.0,40,safe,claude
alfil23,0.0,0.0,40,safe,claude
alfonsina297,0.0,0.0,40,safe,claude
alice696969,0.0,0.0,40,safe,claude
alice_and_jonathan,0.0,0.0,40,safe,claude
alice_banny,0.0,0.0,40,safe,claude
aisha_koswell3,0.0,0.0,40,safe,claude
ajax_332,0.0,0.0,40,safe,claude
akira_soup,0.0,0.0,40,safe,claude
al3xzanderth3gr3at,0.0,0.0,40,safe,claude
alin_sweetie,0.0,0.0,40,safe,claude
alina_grey2,0.0,0.0,40,safe,claude
alis_molli,0.0,0.0,40,safe,claude
alisaa_01,0.0,0.0,40,safe,claude
alisia_spinnet,0.0,0.0,40,safe,claude
alison_thompson1,0.0,0.0,40,safe,claude
all_the_elements,0.0,0.0,40,safe,claude
alex_vallley,0.0,0.0,40,safe,claude
alexa_asian,0.0,0.0,40,safe,claude
alexablue111,0.0,0.0,40,safe,claude
alexi793021,0.0,0.0,40,safe,claude
allthefun101,0.0,0.0,40,safe,claude
alltimehorny19,0.0,0.0,40,nsfw,arliai
ally_alysse,0.0,0.0,40,safe,claude
alondra_bigcockxxx,0.0,0.0,40,nsfw,arliai
aloneclover4,0.0,0.0,40,safe,claude
alice_m00nn,0.0,0.0,40,safe,claude
alicebenet_1,0.0,0.0,40,safe,claude
aliceerosee_,0.0,0.0,40,safe,claude
aliceww_,0.0,0.0,40,safe,claude
amand_sex,0.0,0.0,40,safe,claude
amateur_morbid,0.0,0.0,40,safe,claude
amatistahot1,0.0,0.0,40,safe,claude
amazing_angel22,0.0,0.0,40,safe,claude
amazonbrunett_,0.0,0.0,40,safe,claude
ambaar_smitth,0.0,0.0,40,safe,claude
ambar_rose2,0.0,0.0,40,safe,claude
amelia_adms,0.0,0.0,40,safe,claude
ameliaaaaaa1,0.0,0.0,40,safe,claude
amell_thomson,0.0,0.0,40,safe,claude
alleyesonme666,0.0,0.0,40,safe,claude
allister1089,0.0,0.0,40,safe,claude
aminaswan_,0.0,0.0,40,safe,claude
ammycollins28,0.0,0.0,40,safe,claude
ammyrosee_,0.0,0.0,40,safe,claude
amonamonet23,0.0,0.0,40,safe,claude
amont69,0.0,0.0,40,safe,claude
amy_moon_rose,0.0,0.0,40,safe,claude
amy_ross1,0.0,0.0,40,safe,claude
amy_s_playful_pillows,0.0,0.0,40,safe,claude
alygator24,0.0,0.0,40,safe,claude
alys_ray,0.0,0.0,40,safe,claude
alyssag7001,0.0,0.0,40,safe,claude
amah17,0.0,0.0,40,safe,claude
amalia_bigass,0.0,0.0,40,nsfw,arliai
yanira_ass_,0.0,0.0,40,nsfw,arliai
yazmin_amorxx,0.0,0.0,40,safe,claude
yellow_mari,0.0,0.0,40,safe,claude
yiseth_02,0.0,0.0,40,safe,claude
yker18,0.0,0.0,40,safe,claude
yogagirl777,0.0,0.0,40,safe,claude
yoouna08,0.0,0.0,40,safe,claude
you0221,0.0,0.0,40,safe,claude
you_you01,0.0,0.0,40,safe,claude
your_kat,0.0,0.0,40,safe,claude
your_little_twink,0.0,0.0,40,safe,claude
americanboy481128,0.0,0.0,40,safe,claude
ami_sweet_19,0.0,0.0,40,safe,claude
amyroberta92,0.0,0.0,40,safe,claude
an_valkiria,0.0,0.0,40,safe,claude
ana_bigboobs,0.0,0.0,40,nsfw,arliai
ana_carrera1,0.0,0.0,40,safe,claude
ana_maria11,0.0,0.0,40,safe,claude
ana_x_jacob,0.0,0.0,40,safe,claude
andrahart_,0.0,0.0,40,safe,claude
xyoma_browm1,0.0,0.0,40,safe,claude
y777_s,0.0,0.0,40,safe,claude
y_ivy_y,0.0,0.0,40,safe,claude
yamatobrodsky1,0.0,0.0,40,safe,claude
angeel_fox,0.0,0.0,40,safe,claude
angel_danm_milf,0.0,0.0,40,safe,claude
angel_dew,0.0,0.0,40,safe,claude
angel_kianna,0.0,0.0,40,safe,claude
angel_luisa,0.0,0.0,40,safe,claude
angel_mariaslut,0.0,0.0,40,nsfw,arliai
angel_sweet23,0.0,0.0,40,safe,claude
angela_whitie,0.0,0.0,40,safe,claude
angelcamgirl20,0.0,0.0,40,safe,claude
angelica_new,0.0,0.0,40,safe,claude
angelicavega_,0.0,0.0,40,safe,claude
amy_s_playful_pillows__,0.0,0.0,40,safe,claude
arantza_hill,0.0,0.0,40,safe,claude
angelina_stone_65,0.0,0.0,40,safe,claude
angeline_secret,0.0,0.0,40,safe,claude
angell_rina,0.0,0.0,40,safe,claude
angeloferro1,0.0,0.0,40,safe,claude
angely_owens,0.0,0.0,40,safe,claude
anggy_clark,0.0,0.0,40,safe,claude
aniela_fox,0.0,0.0,40,safe,claude
anitaraj_,0.0,0.0,40,safe,claude
anko_mi,0.0,0.0,40,safe,claude
ann_couette,0.0,0.0,40,safe,claude
anna_in_wonderworld,0.0,0.0,40,safe,claude
anna_miuu,0.0,0.0,40,safe,claude
anna_wells,0.0,0.0,40,safe,claude
annebelle2022,0.0,0.0,40,safe,claude
annie_evans24,0.0,0.0,40,safe,claude
annis_groomes,0.0,0.0,40,safe,claude
anny_marryanny,0.0,0.0,40,safe,claude
antonella_mcry,0.0,0.0,40,safe,claude
anya_soo_wet,0.0,0.0,40,safe,claude
anytime07,0.0,0.0,40,safe,claude
aphrodite_sweet,0.0,0.0,40,safe,claude
april_fantasies,0.0,0.0,40,safe,claude
aprilstone_x,0.0,0.0,40,safe,claude
arabhairy90,0.0,0.0,40,safe,claude
aradia_01,0.0,0.0,40,safe,claude
araevans1,0.0,0.0,40,safe,claude
asiann_princess,0.0,0.0,40,safe,claude
asianpeach1,0.0,0.0,40,safe,claude
ares_aestheticgod,0.0,0.0,40,safe,claude
aria_muv,0.0,0.0,40,safe,claude
ariel_aroused,0.0,0.0,40,safe,claude
ariiibaby955,0.0,0.0,40,safe,claude
aris_sexx,0.0,0.0,40,safe,claude
arizu9314,0.0,0.0,40,safe,claude
arlyn_vicel,0.0,0.0,40,safe,claude
armyvet1991,0.0,0.0,40,safe,claude
arya_nahalii,0.0,0.0,40,safe,claude
arya_stark7,0.0,0.0,40,safe,claude
ash_and_e,0.0,0.0,40,safe,claude
ashley_bruche,0.0,0.0,40,safe,claude
audreylamparti301,0.0,0.0,40,safe,claude
ashley_shy__,0.0,0.0,40,safe,claude
ashley_sweet11,0.0,0.0,40,safe,claude
ashleykane2001,0.0,0.0,40,safe,claude
ashllovee_,0.0,0.0,40,safe,claude
asian_6incherx,0.0,0.0,40,safe,claude
asian_bigboobs20,0.0,0.0,40,nsfw,arliai
asian_divaa,0.0,0.0,40,safe,claude
asianblair_x,0.0,0.0,40,safe,claude
asiangirl853627,0.0,0.0,40,safe,claude
baby_lesi,0.0,0.0,40,safe,claude
baby_sabrina19,0.0,0.0,40,safe,claude
baby_tav,0.0,0.0,40,safe,claude
asiantwink_brix,0.0,0.0,40,safe,claude
asianvix3n,0.0,0.0,40,safe,claude
asias_hotkiara,0.0,0.0,40,safe,claude
aslhyn_gomez,0.0,0.0,40,safe,claude
aspenn777,0.0,0.0,40,safe,claude
ass_chaser_1,0.0,0.0,40,nsfw,arliai
assmaster3002,0.0,0.0,40,nsfw,arliai
athenea_russo4,0.0,0.0,40,safe,claude
atmorin01,0.0,0.0,40,safe,claude
atomic_eva,0.0,0.0,40,safe,claude
babyts_erin,0.0,0.0,40,safe,claude
babyyy696,0.0,0.0,40,safe,claude
bad_kitty666,0.0,0.0,40,safe,claude
baiambel_mi,0.0,0.0,40,safe,claude
avaskye06,0.0,0.0,40,safe,claude
averymiller18,0.0,0.0,40,safe,claude
avril_evansgb,0.0,0.0,40,safe,claude
awwdi1,0.0,0.0,40,safe,claude
aya_hitakayamaaa,0.0,0.0,40,safe,claude
aylu69sexy,0.0,0.0,40,safe,claude
b0poo,0.0,0.0,40,safe,claude
b0y_fantasy,0.0,0.0,40,safe,claude
b1gbanana,0.0,0.0,40,safe,claude
b4byn1sh,0.0,0.0,40,safe,claude
baby_biana,0.0,0.0,40,safe,claude
baby_gopn1k,0.0,0.0,40,safe,claude
batebro13,0.0,0.0,40,safe,claude
baztobias1,0.0,0.0,40,safe,claude
bb_jett,0.0,0.0,40,safe,claude
bb_kita,0.0,0.0,40,safe,claude
babyblues143,0.0,0.0,40,safe,claude
babycakesnessa1,0.0,0.0,40,safe,claude
babyk101,0.0,0.0,40,safe,claude
babykat21,0.0,0.0,40,safe,claude
babylillian69,0.0,0.0,40,safe,claude
babymia4u,0.0,0.0,40,safe,claude
babyred333,0.0,0.0,40,safe,claude
babytaiina_,0.0,0.0,40,safe,claude
bellatrix993,0.0,0.0,40,safe,claude
belle_bottom1,0.0,0.0,40,safe,claude
bellinda_21,0.0,0.0,40,safe,claude
bakedaddy610,0.0,0.0,40,safe,claude
bamacpl80,0.0,0.0,40,safe,claude
bambiboo8113,0.0,0.0,40,safe,claude
bandd443,0.0,0.0,40,safe,claude
banginbrooke1,0.0,0.0,40,safe,claude
barbara723,0.0,0.0,40,safe,claude
barbara_holmess,0.0,0.0,40,safe,claude
barbarababe18,0.0,0.0,40,safe,claude
baseballcoach99,0.0,0.0,40,safe,claude
baseballhockey18,0.0,0.0,40,safe,claude
basystem8,0.0,0.0,40,safe,claude
bibaby_ellie_,0.0,0.0,40,safe,claude
bicycle777,0.0,0.0,40,safe,claude
big_bosses_01,0.0,0.0,40,safe,claude
bb_lourels,0.0,0.0,40,safe,claude
bbw_milf_4u,0.0,0.0,40,safe,claude
bbyalice18,0.0,0.0,40,safe,claude
bbyk888ee,0.0,0.0,40,safe,claude
beautifulwomen89,0.0,0.0,40,safe,claude
bell_cs,0.0,0.0,40,safe,claude
bella19__,0.0,0.0,40,safe,claude
bella_miax,0.0,0.0,40,safe,claude
bella_white19,0.0,0.0,40,safe,claude
bigjohnny550,0.0,0.0,40,safe,claude
bigorgasm4us,0.0,0.0,40,nsfw,arliai
bigpussy_lips,0.0,0.0,40,nsfw,arliai
bigsurprise4u,0.0,0.0,40,safe,claude
bigtitslav123,0.0,0.0,40,nsfw,arliai
benjamincooperk1,0.0,0.0,40,safe,claude
best_fun_here79,0.0,0.0,40,safe,claude
best_wiew,0.0,0.0,40,safe,claude
bestcoast35,0.0,0.0,40,safe,claude
bestie_online,0.0,0.0,40,safe,claude
betsabe_butlers_,0.0,0.0,40,safe,claude
betty__m00n,0.0,0.0,40,safe,claude
beyllove_d,0.0,0.0,40,safe,claude
bfernando_05,0.0,0.0,40,safe,claude
blonde_bigtits,0.0,0.0,40,nsfw,arliai
blonde_boi99,0.0,0.0,40,safe,claude
blonde_nix,0.0,0.0,40,safe,claude
blondefox_silverfox,0.0,0.0,40,safe,claude
blondie955,0.0,0.0,40,safe,claude
bigbbc999,0.0,0.0,40,safe,claude
bigboobfun1,0.0,0.0,40,safe,claude
bigboobs_cutie,0.0,0.0,40,nsfw,arliai
bigboobsmcgee2021,0.0,0.0,40,nsfw,arliai
bigbood1022,0.0,0.0,40,safe,claude
bigbooty_mommy,0.0,0.0,40,safe,claude
bigc0ckcanadian,0.0,0.0,40,safe,claude
bigdickenergyo3,0.0,0.0,40,nsfw,arliai
bigdicknate69420,0.0,0.0,40,nsfw,arliai
bigjoed233,0.0,0.0,40,safe,claude
bone_daddy_4u,0.0,0.0,40,safe,claude
bonieandclyde1,0.0,0.0,40,safe,claude
boobs_magic,0.0,0.0,40,nsfw,arliai
booker_baxton,0.0,0.0,40,safe,claude
boppy21,0.0,0.0,40,safe,claude
boricuamami377,0.0,0.0,40,safe,claude
bigtitty_blondie24,0.0,0.0,40,safe,claude
bils2203,0.0,0.0,40,safe,claude
bipapiinches8,0.0,0.0,40,safe,claude
bkaluna7,0.0,0.0,40,safe,claude
black_pant3r,0.0,0.0,40,safe,claude
blackmellanin_,0.0,0.0,40,safe,claude
blackrabbit101,0.0,0.0,40,safe,claude
blaze2girls,0.0,0.0,40,safe,claude
britneysweet_,0.0,0.0,40,safe,claude
brookesutton23,0.0,0.0,40,safe,claude
brother1899,0.0,0.0,40,safe,claude
brownsugarbabe_x,0.0,0.0,40,safe,claude
btru33,0.0,0.0,40,safe,claude
bubbles1_,0.0,0.0,40,safe,claude
blowjob.mp4_cam_girl,0.0,,40,nsfw,arliai
blue_aiveexx,0.0,0.0,40,safe,claude
blue_eyes96,0.0,0.0,40,safe,claude
blueyes1983,0.0,0.0,40,safe,claude
bmorganne420,0.0,0.0,40,safe,claude
bobby72738,0.0,0.0,40,safe,claude
bondgirl013,0.0,0.0,40,safe,claude
bondgirl4fun,0.0,0.0,40,safe,claude
butterflyblue_dream,0.0,0.0,40,safe,claude
c0ralynx,0.0,0.0,40,safe,claude
calamity_26,0.0,0.0,40,safe,claude
boricuasalt_and_pepper,0.0,0.0,40,safe,claude
br0thersport,0.0,0.0,40,safe,claude
brenda_x_x,0.0,0.0,40,safe,claude
bribin5000,0.0,0.0,40,safe,claude
brightrays__,0.0,0.0,40,safe,claude
british_brin,0.0,0.0,40,safe,claude
britney_skin1,0.0,0.0,40,safe,claude
callme_remaxxx7,0.0,0.0,40,nsfw,arliai
cam2cam,,2.0,40,safe,claude
cam4ultimate,0.0,0.0,40,safe,claude
cambria38jj,0.0,0.0,40,safe,claude
cameron777111,0.0,0.0,40,safe,claude
camifit2,0.0,0.0,40,safe,claude
camila_rosess,0.0,0.0,40,safe,claude
camile_diazzz,0.0,0.0,40,safe,claude
bubblous20,0.0,0.0,40,safe,claude
buckwild69204,0.0,0.0,40,safe,claude
buddiup2,0.0,0.0,40,safe,claude
bunnysworld999,0.0,0.0,40,safe,claude
bushbabe3008,0.0,0.0,40,safe,claude
bustyeva_,0.0,0.0,40,safe,claude
but_not_for_freeeeee,0.0,0.0,40,safe,claude
candylane_candylane,0.0,0.0,40,safe,claude
canelita_passion_,0.0,0.0,40,nsfw,arliai
canikissyou_,0.0,0.0,40,safe,claude
cannelle_garces1,0.0,0.0,40,safe,claude
cant_fool_heart,0.0,0.0,40,safe,claude
caramelchoc81,0.0,0.0,40,safe,claude
carolina_vega155,0.0,0.0,40,safe,claude
carolinakiss14,0.0,0.0,40,safe,claude
caroline_willsom,0.0,0.0,40,safe,claude
carolineford76,0.0,0.0,40,safe,claude
cali_bi14,0.0,0.0,40,safe,claude
caliblog1990,0.0,0.0,40,safe,claude
calica69,0.0,0.0,40,safe,claude
caligurl_83,0.0,0.0,40,safe,claude
cbrad44,0.0,0.0,40,safe,claude
ccmanrivs120,0.0,0.0,40,safe,claude
cecylya4u,0.0,0.0,40,safe,claude
cedaya555,0.0,0.0,40,safe,claude
celeste_1220,0.0,0.0,40,safe,claude
celeste_bbw_,0.0,0.0,40,safe,claude
celeste_mature_,0.0,0.0,40,safe,claude
canah2003,0.0,0.0,40,safe,claude
candelariia_,0.0,0.0,40,safe,claude
candy_love30,0.0,0.0,40,safe,claude
candy_rose_,0.0,0.0,40,safe,claude
candyflowers2,0.0,0.0,40,safe,claude
cgranda42319,0.0,0.0,40,safe,claude
chalynn88,0.0,0.0,40,safe,claude
channel_boobs2,0.0,0.0,40,nsfw,arliai
chanu174,0.0,0.0,40,safe,claude
charlie_eusse,0.0,0.0,40,safe,claude
charlys_angls,0.0,0.0,40,safe,claude
chaytay12,0.0,0.0,40,safe,claude
cherrrish_,0.0,0.0,40,safe,claude
cherry_kiss98,0.0,0.0,40,safe,claude
carpe_diemmm,0.0,0.0,40,safe,claude
carry_big,0.0,0.0,40,safe,claude
caseypierce_,0.0,0.0,40,safe,claude
cassidy_one,0.0,0.0,40,nsfw,arliai
cassie_evansss,0.0,0.0,40,nsfw,arliai
wonna_nonna,0.0,0.0,40,safe,claude
working_girl28,0.0,0.0,40,safe,claude
xi_ethel,0.0,0.0,40,safe,claude
xiaoyu_ko,0.0,0.0,40,safe,claude
xjuliana26,0.0,0.0,40,safe,claude
xsexs_girlsx,0.0,0.0,40,safe,claude
xtal_kiss,0.0,0.0,40,safe,claude
xterribly_cutex,0.0,0.0,40,safe,claude
xxlilly_joexx,0.0,0.0,40,safe,claude
xxtammy123xx,0.0,0.0,40,safe,claude
xxxbustybabe27x,0.0,0.0,40,nsfw,arliai
xxxlovers2015,0.0,0.0,40,nsfw,arliai
celestemc_26,0.0,0.0,40,safe,claude
celine_faer1,0.0,0.0,40,safe,claude
cheryl6fox,0.0,0.0,40,safe,claude
cherylloving_,0.0,0.0,40,safe,claude
chickoa21,0.0,0.0,40,safe,claude
chloe_and_dic,0.0,0.0,40,safe,claude
chloe_bianca18,0.0,0.0,40,safe,claude
chloe_me0w,0.0,0.0,40,safe,claude
chris18red,0.0,0.0,40,safe,claude
chris_boy37,0.0,0.0,40,safe,claude
chriss_evanss_,0.0,0.0,40,safe,claude
christy_memeow,0.0,0.0,40,safe,claude
chubbykit1y,0.0,0.0,40,safe,claude
chulo33333,0.0,0.0,40,safe,claude
wine_on_lips,0.0,0.0,40,safe,claude
wonderland_stia,0.0,0.0,40,safe,claude
ctbzlxfxs_couple,0.0,0.0,40,safe,claude
cuddlies_1,0.0,0.0,40,safe,claude
cum4cake69,0.0,0.0,40,nsfw,arliai
ciara_rogue,0.0,0.0,40,safe,claude
cique_black,0.0,0.0,40,safe,claude
cjc091907,0.0,0.0,40,safe,claude
clohe_alpa,0.0,0.0,40,safe,claude
cmila0713,0.0,0.0,40,safe,claude
coldpi3,0.0,0.0,40,safe,claude
colette1w,0.0,0.0,40,safe,claude
college_girl_,0.0,0.0,40,safe,claude
collegeboy3118,0.0,0.0,40,safe,claude
collegeguyg4jak,0.0,0.0,40,safe,claude
cherry_nicolle,0.0,0.0,40,safe,claude
cherrybr_,0.0,0.0,40,safe,claude
cute_chance,0.0,0.0,40,safe,claude
cute_danni,0.0,0.0,40,safe,claude
cookies_4u_cute,0.0,0.0,40,safe,claude
corni__,0.0,0.0,40,safe,claude
countrystrong53,0.0,0.0,40,safe,claude
couple__of__sins,0.0,0.0,40,safe,claude
couple_hote,0.0,0.0,40,safe,claude
couple_of_sins,0.0,0.0,40,safe,claude
coupleday777,0.0,0.0,40,safe,claude
coupless143,0.0,0.0,40,safe,claude
courtney981,0.0,0.0,40,safe,claude
cranky_cherry_,0.0,0.0,40,safe,claude
crazy_baby69,0.0,0.0,40,safe,claude
crazy_couplex01,0.0,0.0,40,safe,claude
creepycrawlygirl66,0.0,0.0,40,safe,claude
d_fantazdick,0.0,0.0,40,nsfw,arliai
dad_wouldbeproud,0.0,0.0,40,safe,claude
daddydickk2024,0.0,0.0,40,nsfw,arliai
daddyhorsecock99,0.0,0.0,40,nsfw,arliai
daddys_little_princess999,0.0,0.0,40,safe,claude
cummertwink18,0.0,0.0,40,nsfw,arliai
cumwithus60,0.0,0.0,40,nsfw,arliai
cuntreeboy68,0.0,0.0,40,safe,claude
cuplu29,0.0,0.0,40,safe,claude
curiousboy7k,0.0,0.0,40,safe,claude
curly_charliee,0.0,0.0,40,safe,claude
curly_sweett,0.0,0.0,40,safe,claude
cute_boy_24cm,0.0,0.0,40,safe,claude
daniluvs2,0.0,0.0,40,safe,claude
darker_ditt0,0.0,0.0,40,safe,claude
darkydolly_,0.0,0.0,40,safe,claude
dary_vanclief,0.0,0.0,40,safe,claude
dastan_yesevii,0.0,0.0,40,safe,claude
cute_elii,0.0,0.0,40,safe,claude
cute_eyess,0.0,0.0,40,safe,claude
cute_kittennnn,0.0,0.0,40,safe,claude
cute_nahiabe,0.0,0.0,40,safe,claude
cutie_angell_,0.0,0.0,40,safe,claude
cutie_cookiee,0.0,0.0,40,safe,claude
cutiepie0jenna,0.0,0.0,40,safe,claude
cutiev97,0.0,0.0,40,safe,claude
cuty_sexy_hotxx,0.0,0.0,40,safe,claude
cyanide_candys,0.0,0.0,40,safe,claude
desireduo_tgn,0.0,0.0,40,safe,claude
destinyloves1,0.0,0.0,40,safe,claude
deva_alice,0.0,0.0,40,safe,claude
di9ital069,0.0,0.0,40,safe,claude
diana_smiley,0.0,0.0,40,safe,claude
daily_dosessshhhh,0.0,0.0,40,safe,claude
daily_masturbationn,0.0,0.0,40,nsfw,arliai
daisy_sparx,0.0,0.0,40,safe,claude
daisyy888,0.0,0.0,40,safe,claude
daisyyy222,0.0,0.0,40,safe,claude
dakota_lynn,0.0,0.0,40,safe,claude
dallas_twiing,0.0,0.0,40,safe,claude
dallas_xf,0.0,0.0,40,safe,claude
danidivina777,0.0,0.0,40,safe,claude
dongboy20018,0.0,0.0,40,safe,claude
donna_creamteam,0.0,0.0,40,safe,claude
donnadoll4u,0.0,0.0,40,safe,claude
donteinferno_69,0.0,0.0,40,safe,claude
dory54784,0.0,0.0,40,safe,claude
dave_max93,0.0,0.0,40,safe,claude
david_0223,0.0,0.0,40,safe,claude
davidthompson44,0.0,0.0,40,safe,claude
dazy_88,0.0,0.0,40,safe,claude
debbieafterhours69,0.0,0.0,40,safe,claude
delicious_couple_,0.0,0.0,40,safe,claude
dennisboy_23,0.0,0.0,40,safe,claude
derek_and_skarleth,0.0,0.0,40,safe,claude
derpkush07,0.0,0.0,40,safe,claude
derrick_and_brittany,0.0,0.0,40,safe,claude
desert2blosom,0.0,0.0,40,safe,claude
el3ctraa,0.0,0.0,40,safe,claude
elen_black_23,0.0,0.0,40,safe,claude
elenna_snow,0.0,0.0,40,safe,claude
eli_llie,0.0,0.0,40,safe,claude
elisarosse_,0.0,0.0,40,safe,claude
elizza_taylor,0.0,0.0,40,safe,claude
dino_rain77,0.0,0.0,40,safe,claude
dirtyfagg_gabbie,0.0,0.0,40,safe,claude
dlasian98,0.0,0.0,40,safe,claude
doc4848,0.0,0.0,40,safe,claude
doll4you_,0.0,0.0,40,safe,claude
dollfire_bigass,0.0,0.0,40,nsfw,arliai
dominc_berry,0.0,0.0,40,safe,claude
elliot_muscle02,0.0,0.0,40,safe,claude
ellizabet_taylor,0.0,0.0,40,safe,claude
elly_cute_,0.0,0.0,40,safe,claude
elly_my_byc,0.0,0.0,40,safe,claude
elza_mature,0.0,0.0,40,safe,claude
em_gorjs,0.0,0.0,40,safe,claude
drako_and_millie,0.0,0.0,40,safe,claude
dream1girl_,0.0,0.0,40,safe,claude
dubbletrubble69,0.0,0.0,40,safe,claude
ebanoymarfil2,0.0,0.0,40,safe,claude
edwina_paradise,0.0,0.0,40,safe,claude
effy_cb,0.0,0.0,40,safe,claude
emma_zoe04,0.0,0.0,40,safe,claude
emmaa_hostt,0.0,0.0,40,safe,claude
emmasn0w,0.0,0.0,40,safe,claude
english_rose__,0.0,0.0,40,safe,claude
ericeric507,0.0,0.0,40,safe,claude
erin_and_johnny,0.0,0.0,40,safe,claude
ella_hey,0.0,0.0,40,safe,claude
ella_knockers,0.0,0.0,40,safe,claude
ella_knockers_xl,0.0,0.0,40,safe,claude
ella_pridee,0.0,0.0,40,safe,claude
ellelure_,0.0,0.0,40,safe,claude
ellenglow69,0.0,0.0,40,safe,claude
eroticsiren2,0.0,0.0,40,nsfw,arliai
estelamaris1,0.0,0.0,40,safe,claude
esther_estrie,0.0,0.0,40,safe,claude
euphoric_vic_,0.0,0.0,40,safe,claude
european_couple30,0.0,0.0,40,safe,claude
eva_45love,0.0,0.0,40,safe,claude
eva_rocco,0.0,0.0,40,safe,claude
eva_sweett1,0.0,0.0,40,safe,claude
emberlo_ol,0.0,0.0,40,safe,claude
emely_exxotic,0.0,0.0,40,safe,claude
emi_latingirl,0.0,0.0,40,safe,claude
emilygrey_,0.0,0.0,40,safe,claude
emilyy_miller,0.0,0.0,40,safe,claude
emma_flin,0.0,0.0,40,safe,claude
emma_rules99,0.0,0.0,40,safe,claude
emma_sexy_pill,0.0,0.0,40,safe,claude
waneda18,0.0,0.0,40,safe,claude
wanna_breed,0.0,0.0,40,safe,claude
wasianbby1,0.0,0.0,40,safe,claude
watermellon69,0.0,0.0,40,safe,claude
wayne6258,0.0,0.0,40,safe,claude
weedwacker43,0.0,0.0,40,safe,claude
wet_dreamm22,0.0,0.0,40,safe,claude
wet_starsx,0.0,0.0,40,safe,claude
wettt93,0.0,0.0,40,safe,claude
wetwithme2024,0.0,0.0,40,safe,claude
white_latino1,0.0,0.0,40,safe,claude
whites_emma,0.0,0.0,40,safe,claude
wife_layla,0.0,0.0,40,safe,claude
erline_may,0.0,0.0,40,safe,claude
erotic_exotic_cam_model,0.0,,40,nsfw,arliai
eroticmuscle777,0.0,0.0,40,nsfw,arliai
eve_evans,0.0,0.0,40,safe,claude
exotic_bayybee,0.0,0.0,40,safe,claude
exotic_couplexx,0.0,0.0,40,safe,claude
exotic_ebony1,0.0,0.0,40,safe,claude
fabulous_couple,0.0,0.0,40,safe,claude
faded805,0.0,0.0,40,safe,claude
fairybae5,0.0,0.0,40,safe,claude
fairyyy653,0.0,0.0,40,safe,claude
familysexy34,0.0,0.0,40,safe,claude
fanta_sticky,0.0,0.0,40,safe,claude
fatal_monic,0.0,0.0,40,safe,claude
fatassnat97,0.0,0.0,40,nsfw,arliai
foxyroxie777,0.0,0.0,40,safe,claude
foxysecret_,0.0,0.0,40,safe,claude
faziano08,0.0,0.0,40,safe,claude
fck_time,0.0,0.0,40,safe,claude
felicia_busty26,0.0,0.0,40,safe,claude
femtoy02,0.0,0.0,40,safe,claude
fifihara_,0.0,0.0,40,safe,claude
filister666,0.0,0.0,40,safe,claude
final_fantase,0.0,0.0,40,safe,claude
findiryts_2,0.0,0.0,40,safe,claude
fire_girls00,0.0,0.0,40,safe,claude
fireand_passion,0.0,0.0,40,nsfw,arliai
firefighter_arabic,0.0,0.0,40,safe,claude
firestud_x,0.0,0.0,40,safe,claude
first_lovee,0.0,0.0,40,safe,claude
eva_tomioka,0.0,0.0,40,safe,claude
gabbygrey1,0.0,0.0,40,safe,claude
gabriela_sexy,0.0,0.0,40,safe,claude
gael_williams4,0.0,0.0,40,safe,claude
fit_andres09,0.0,0.0,40,safe,claude
fitdream420,0.0,0.0,40,safe,claude
floridaguy0217,0.0,0.0,40,safe,claude
flower_nicole,0.0,0.0,40,safe,claude
flowercandy33,0.0,0.0,40,safe,claude
flowergirl448844,0.0,0.0,40,safe,claude
fluffy_bunnyxxx,0.0,0.0,40,nsfw,arliai
fortiori8,0.0,0.0,40,safe,claude
foxxx_tail,0.0,0.0,40,nsfw,arliai
gia_liann,0.0,0.0,40,safe,claude
giantwhite10inch,0.0,0.0,40,safe,claude
giiiia_,0.0,0.0,40,safe,claude
gina_akemi,0.0,0.0,40,safe,claude
gina_vicious,0.0,0.0,40,safe,claude
ginger7777777,0.0,0.0,40,safe,claude
frank_bigdiick,0.0,0.0,40,safe,claude
frau_basted,0.0,0.0,40,safe,claude
freaky_lexy,0.0,0.0,40,safe,claude
free_birdd,0.0,0.0,40,safe,claude
freyax69,0.0,0.0,40,safe,claude
fuck4likes,0.0,0.0,40,nsfw,arliai
funafterdark13,0.0,0.0,40,safe,claude
funcoupleinni4u,0.0,0.0,40,safe,claude
fwc53280,0.0,0.0,40,safe,claude
girlspleasure69x,0.0,0.0,40,safe,claude
gisella1501997,0.0,0.0,40,safe,claude
glamour_cams,0.0,0.0,40,safe,claude
glegere18,0.0,0.0,40,safe,claude
glitterati24,0.0,0.0,40,safe,claude
go_deeper_ty,0.0,0.0,40,safe,claude
game_with_lesbians_,0.0,0.0,40,safe,claude
garrix667,0.0,0.0,40,safe,claude
gata_salvaje22,0.0,0.0,40,safe,claude
gay4pay3030,0.0,0.0,40,safe,claude
gezak999,0.0,0.0,40,safe,claude
gia_and_diego,0.0,0.0,40,safe,claude
golfman234,0.0,0.0,40,safe,claude
goodg_oddamn,0.0,0.0,40,safe,claude
goodgirl_alyssa,0.0,0.0,40,safe,claude
gooner_girl,0.0,0.0,40,safe,claude
gorg_grace,0.0,0.0,40,safe,claude
goth_in_orbit,0.0,0.0,40,safe,claude
gothbabe2001,0.0,0.0,40,safe,claude
ginger_piee,0.0,0.0,40,safe,claude
ginger_smil,0.0,0.0,40,safe,claude
gingerfox777,0.0,0.0,40,safe,claude
greeny_mat,0.0,0.0,40,safe,claude
gumbydiane06,0.0,0.0,40,safe,claude
h3r3cums_trouble,0.0,0.0,40,nsfw,arliai
hail_kiko,0.0,0.0,40,safe,claude
haileyyyy5044,0.0,0.0,40,safe,claude
hairyybunny1811,0.0,0.0,40,safe,claude
halan_jr,0.0,0.0,40,safe,claude
goddessyvette007,0.0,0.0,40,safe,claude
godess_in_love,0.0,0.0,40,safe,claude
goldcarol1n3baby,0.0,0.0,40,safe,claude
golden_boyyy21,0.0,0.0,40,safe,claude
golden_peachs,0.0,0.0,40,safe,claude
goldstar_girls,0.0,0.0,40,safe,claude
happiness_call,0.0,0.0,40,safe,claude
harleyslut6969,0.0,0.0,40,nsfw,arliai
harnesshe_,0.0,0.0,40,safe,claude
harryman11011,0.0,0.0,40,safe,claude
havefun0judy,0.0,0.0,40,safe,claude
hazellwitch1,0.0,0.0,40,safe,claude
heathaustin8bi7,0.0,0.0,40,safe,claude
heatherbby9,0.0,0.0,40,safe,claude
hedera_hime,0.0,0.0,40,safe,claude
grana_great,0.0,0.0,40,safe,claude
grannyisready61,0.0,0.0,40,safe,claude
grecia_smith01,0.0,0.0,40,safe,claude
green_cryst,0.0,0.0,40,safe,claude
vina_skybabe,0.0,0.0,40,safe,claude
violeet4u,0.0,0.0,40,safe,claude
violet6xft,0.0,0.0,40,safe,claude
violetvalentine100,0.0,0.0,40,safe,claude
vive_sweetie,0.0,0.0,40,safe,claude
vivid_girls_vg,0.0,0.0,40,safe,claude
vladandval25,0.0,0.0,40,safe,claude
vr_lol,0.0,0.0,40,safe,claude
vulgarmanners_,0.0,0.0,40,safe,claude
handsoman1,0.0,0.0,40,safe,claude
hanna_girl21,0.0,0.0,40,safe,claude
hanna_mature01,0.0,0.0,40,safe,claude
helua54,0.0,0.0,40,safe,claude
hemi_lou,0.0,0.0,40,safe,claude
hera_elis,0.0,0.0,40,safe,claude
hera_sauvage_and_giorgios,0.0,0.0,40,safe,claude
heralds_of_sex,0.0,0.0,40,safe,claude
hermione_an,0.0,0.0,40,safe,claude
heteros_men,0.0,0.0,40,safe,claude
heyhotty1,0.0,0.0,40,safe,claude
hg99too,0.0,0.0,40,safe,claude
vikiki_sweety,0.0,0.0,40,safe,claude
vikkyy_love,0.0,0.0,40,safe,claude
villanelle_l,0.0,0.0,40,safe,claude
highlatin_guys,0.0,0.0,40,safe,claude
highnesscali37,0.0,0.0,40,safe,claude
himari_williams,0.0,0.0,40,safe,claude
ho1yh01e,0.0,0.0,40,safe,claude
hola_yosoysisi,0.0,0.0,40,safe,claude
honey_sweet8,0.0,0.0,40,safe,claude
honeybeexx69,0.0,0.0,40,safe,claude
honeybuns344636,0.0,0.0,40,safe,claude
honeyco57,0.0,0.0,40,safe,claude
hope_daily,0.0,0.0,40,safe,claude
horny_puca,0.0,0.0,40,nsfw,arliai
hee_youn1,0.0,0.0,40,safe,claude
helena_santos01,0.0,0.0,40,safe,claude
helta_skeltaa,0.0,0.0,40,safe,claude
hot_hole_02,0.0,0.0,40,safe,claude
hot_martin25,0.0,0.0,40,safe,claude
hot_moxie,0.0,0.0,40,safe,claude
hotblondemilf1962,0.0,0.0,40,safe,claude
hotcouple857613,0.0,0.0,40,safe,claude
hotlantamilf411,0.0,0.0,40,safe,claude
hotmama6666,0.0,0.0,40,safe,claude
hotmaria73,0.0,0.0,40,safe,claude
hotterthanyou4362,0.0,0.0,40,safe,claude
hottest_mature,0.0,0.0,40,safe,claude
hottwett_,0.0,0.0,40,safe,claude
hugemilkers69,0.0,0.0,40,safe,claude
hi_cut_cutie,0.0,0.0,40,safe,claude
hustleebabyy_vikki,0.0,0.0,40,safe,claude
iam_papa187,0.0,0.0,40,safe,claude
ianandersson27,0.0,0.0,40,safe,claude
idahoviking888,0.0,0.0,40,safe,claude
ihavepaws33,0.0,0.0,40,safe,claude
iheartcassie2844,0.0,0.0,40,nsfw,arliai
iheartyourdick69,0.0,0.0,40,nsfw,arliai
ikilled_josie,0.0,0.0,40,safe,claude
illona_alicia,0.0,0.0,40,safe,claude
im_laia_,0.0,0.0,40,safe,claude
hornykes8342,0.0,0.0,40,nsfw,arliai
hot8pack01,0.0,0.0,40,safe,claude
hot_hayde,0.0,0.0,40,safe,claude
im_ur_nightmare,0.0,0.0,40,safe,claude
imoan_uen_suk,0.0,0.0,40,safe,claude
inanna_release45,0.0,0.0,40,safe,claude
indiana_jones2,0.0,0.0,40,safe,claude
indianbeauty20,0.0,0.0,40,safe,claude
inocent_student18,0.0,0.0,40,safe,claude
inspiration_in_frame,0.0,0.0,40,safe,claude
io_chie_,0.0,0.0,40,safe,claude
isa_laurentt,0.0,0.0,40,safe,claude
isabellas08,0.0,0.0,40,safe,claude
its_me_wuill04,0.0,0.0,40,safe,claude
humanwashboard_215,0.0,0.0,40,safe,claude
hung10in916,0.0,0.0,40,safe,claude
hung_asian789,0.0,0.0,40,safe,claude
itsssssssme_lana,0.0,0.0,40,safe,claude
itsvalerie99,0.0,0.0,40,safe,claude
itzvaleria_19,0.0,0.0,40,safe,claude
iuliana32,0.0,0.0,40,safe,claude
ivanhot279,0.0,0.0,40,safe,claude
ivet_cute1,0.0,0.0,40,safe,claude
ivy_bellee,0.0,0.0,40,safe,claude
iwannataste_u,0.0,0.0,40,safe,claude
izzy_cam,0.0,0.0,40,safe,claude
j_bones96,0.0,0.0,40,safe,claude
j_e_e_s_i_c_a,0.0,0.0,40,safe,claude
ja487840,0.0,0.0,40,safe,claude
jabob_coper,0.0,0.0,40,safe,claude
jackoffdude85,0.0,0.0,40,safe,claude
jaddy_lol,0.0,0.0,40,safe,claude
jaimexoxo12,0.0,0.0,40,safe,claude
jakeyjake9,0.0,0.0,40,safe,claude
jako_jaaxx,0.0,0.0,40,safe,claude
james_lilly24,0.0,0.0,40,safe,claude
jameshark777,0.0,0.0,40,safe,claude
jamestoday222,0.0,0.0,40,safe,claude
jameyla73,0.0,0.0,40,safe,claude
jane_kinn,0.0,0.0,40,safe,claude
janeebony_,0.0,0.0,40,safe,claude
janeen_and_themayor,0.0,0.0,40,safe,claude
jap_amelle,0.0,0.0,40,safe,claude
jared3536,0.0,0.0,40,safe,claude
jasmin_evano29,0.0,0.0,40,safe,claude
joe_smith5679,0.0,0.0,40,safe,claude
jasminejade18,0.0,0.0,40,safe,claude
jasminn18,0.0,0.0,40,safe,claude
jasonsua21,0.0,0.0,40,safe,claude
jasper_sweet_arce,0.0,0.0,40,safe,claude
jasson_rodriguez69,0.0,0.0,40,nsfw,arliai
javicute4u,0.0,0.0,40,safe,claude
jaycobortiz_,0.0,0.0,40,safe,claude
jazzyb24,0.0,0.0,40,safe,claude
jazzyy_bbyyy,0.0,0.0,40,safe,claude
jb_cams,0.0,0.0,40,safe,claude
jbabyy19,0.0,0.0,40,safe,claude
jbunny43,0.0,0.0,40,safe,claude
jennycake1,0.0,0.0,40,safe,claude
jess1ca_herrera,0.0,0.0,40,safe,claude
jess1ca_rabb1t,0.0,0.0,40,safe,claude
julietha_3,0.0,0.0,40,safe,claude
julya_hott,0.0,0.0,40,safe,claude
jessefray22,0.0,0.0,40,safe,claude
jessika_moon,0.0,0.0,40,safe,claude
jessynelson_official,0.0,0.0,40,safe,claude
jfit101,0.0,0.0,40,safe,claude
jhongrey2,0.0,0.0,40,safe,claude
ji_yon_1,0.0,0.0,40,safe,claude
jjameson41,0.0,0.0,40,safe,claude
jjjust4fun1985,0.0,0.0,40,safe,claude
jmbriu12,0.0,0.0,40,safe,claude
jo3xoxo,0.0,0.0,40,safe,claude
joanna_cw,0.0,0.0,40,safe,claude
joanyo_brown,0.0,0.0,40,safe,claude
jockb8tor,0.0,0.0,40,safe,claude
jodieangel4sin,0.0,0.0,40,safe,claude
kalysta4u,0.0,0.0,40,safe,claude
kandy_balls,0.0,0.0,40,safe,claude
john_king29,0.0,0.0,40,safe,claude
johnwood1993,0.0,0.0,40,safe,claude
joliexx41,0.0,0.0,40,safe,claude
10inches,,1.0,40,safe,claude
jonathanfranz123,0.0,0.0,40,safe,claude
jorda_kristen,0.0,0.0,40,safe,claude
joss_caprice,0.0,0.0,40,safe,claude
joyden47,0.0,0.0,40,safe,claude
jt7568,0.0,0.0,40,safe,claude
juan_y_ana_69,0.0,0.0,40,safe,claude
juicy_angels,0.0,0.0,40,safe,claude
juicy_diana,0.0,0.0,40,safe,claude
juicypeach_88,0.0,0.0,40,safe,claude
julian_cassablanca,0.0,0.0,40,nsfw,arliai
kaya_sins,0.0,0.0,40,safe,claude
kayla2002w,0.0,0.0,40,safe,claude
julyssa_sanders,0.0,0.0,40,safe,claude
junction_of_love,0.0,0.0,40,safe,claude
just_jayyyyy,0.0,0.0,40,safe,claude
justadudesometimes2,0.0,0.0,40,safe,claude
justme_alinax,0.0,0.0,40,safe,claude
justmebev19591234,0.0,0.0,40,safe,claude
justpaige92,0.0,0.0,40,safe,claude
kagomme_h,0.0,0.0,40,safe,claude
kai_and_gerda636,0.0,0.0,40,safe,claude
zuly_zahir_01,0.0,0.0,40,safe,claude
kali_333,0.0,0.0,40,safe,claude
kaliana_ggh,0.0,0.0,40,safe,claude
kalina_kittie,0.0,0.0,40,safe,claude
kalipso_n_jones,0.0,0.0,40,safe,claude
keyla_roberts_,0.0,0.0,40,safe,claude
keylamonroy1,0.0,0.0,40,safe,claude
khloe_angell,0.0,0.0,40,safe,claude
khloe_kaczka_,0.0,0.0,40,safe,claude
kandylove8050,0.0,0.0,40,safe,claude
karinaebony_,0.0,0.0,40,safe,claude
karoline_jonesss,0.0,0.0,40,safe,claude
kat_ly_chan,0.0,0.0,40,safe,claude
kathara_queen,0.0,0.0,40,safe,claude
katia_kitty1,0.0,0.0,40,safe,claude
katie_taylorr,0.0,0.0,40,safe,claude
katriina_fox,0.0,0.0,40,safe,claude
katte_lander5,0.0,0.0,40,safe,claude
katty_sanz1,0.0,0.0,40,safe,claude
katy_and_paola,0.0,0.0,40,safe,claude
katycouple2003,0.0,0.0,40,safe,claude
kimihoney_,0.0,0.0,40,safe,claude
kimmie_,0.0,0.0,40,safe,claude
kimmy_sunn,0.0,0.0,40,safe,claude
king_queen2_2,0.0,0.0,40,safe,claude
kaylaaaa111,0.0,0.0,40,safe,claude
kaylapaige69,0.0,0.0,40,safe,claude
kb95011,0.0,0.0,40,safe,claude
keila_lol,0.0,0.0,40,safe,claude
keiry_strong,0.0,0.0,40,safe,claude
keity_sex20,0.0,0.0,40,safe,claude
kelly_queenpussy,0.0,0.0,40,nsfw,arliai
kellyga69,0.0,0.0,40,safe,claude
kellylynn76,0.0,0.0,40,safe,claude
kendall_coxxx,0.0,0.0,40,nsfw,arliai
keta_losers,0.0,0.0,40,safe,claude
keygr05,0.0,0.0,40,safe,claude
kitten4sale666,0.0,0.0,40,safe,claude
kittens_loves10,0.0,0.0,40,safe,claude
kittypooh386196,0.0,0.0,40,safe,claude
kittypurr79,0.0,0.0,40,safe,claude
khloe_sweeet,0.0,0.0,40,safe,claude
khokhol1999,0.0,0.0,40,safe,claude
khokhol1999s,0.0,0.0,40,safe,claude
kholant0101,0.0,0.0,40,safe,claude
yui_midzuki,0.0,0.0,40,safe,claude
kiera_on_fire,0.0,0.0,40,safe,claude
kiki_rikii,0.0,0.0,40,safe,claude
kilian_xx,0.0,0.0,40,safe,claude
killer617queen,0.0,0.0,40,safe,claude
killer_candywow,0.0,0.0,40,safe,claude
kim_possible_01,0.0,0.0,40,safe,claude
kimgrey24,0.0,0.0,40,safe,claude
kris69kiss,0.0,0.0,40,safe,claude
ysabell_viveris,0.0,0.0,40,safe,claude
kriss0leoo,0.0,0.0,40,safe,claude
krissy2024,0.0,0.0,40,safe,claude
kristy_0_,0.0,0.0,40,safe,claude
kristy_mey,0.0,0.0,40,safe,claude
krocksi_,0.0,0.0,40,safe,claude
kuriousx2,0.0,0.0,40,safe,claude
yourvictory80lvl,0.0,0.0,40,safe,claude
kinky_community,0.0,0.0,40,nsfw,arliai
kinkykittyy1,0.0,0.0,40,nsfw,arliai
kinyboobs_gh,0.0,0.0,40,nsfw,arliai
yourslust_,0.0,0.0,40,safe,claude
kira_censori,0.0,0.0,40,safe,claude
kiss_passion_,0.0,0.0,40,nsfw,arliai
l1lpamp,0.0,0.0,40,safe,claude
l1lybaby,0.0,0.0,40,safe,claude
l_adonis_l,0.0,0.0,40,safe,claude
lace888,0.0,0.0,40,safe,claude
lacii_lo,0.0,0.0,40,safe,claude
ladahear_,0.0,0.0,40,safe,claude
lady_dy4u,0.0,0.0,40,safe,claude
lady_episteme,0.0,0.0,40,safe,claude
ladyelizabeth777,0.0,0.0,40,safe,claude
kity_paw,0.0,0.0,40,safe,claude
klary_moon,0.0,0.0,40,safe,claude
klaus_sunrise_xx,0.0,0.0,40,safe,claude
klttys__pearl,0.0,0.0,40,safe,claude
konoohah6,0.0,0.0,40,safe,claude
kora_sup,0.0,0.0,40,safe,claude
korea_naen,0.0,0.0,40,safe,claude
lanna_russo1,0.0,0.0,40,safe,claude
lanny_fandi,0.0,0.0,40,safe,claude
yoursecretgirlfriend963,0.0,0.0,40,safe,claude
latin_couplesexy08,0.0,0.0,40,safe,claude
latin_fun_girls,0.0,0.0,40,safe,claude
yours_meyy,0.0,0.0,40,safe,claude
yours_mey,0.0,0.0,40,safe,claude
laurenblonde22,0.0,0.0,40,safe,claude
laurensmiith_,0.0,0.0,40,safe,claude
kutiekarlie18,0.0,0.0,40,safe,claude
kyky_baby444,0.0,0.0,40,safe,claude
kykynel_4ever,0.0,0.0,40,safe,claude
kyle_camns,0.0,0.0,40,safe,claude
kyle_camns_,0.0,0.0,40,safe,claude
kynziee18,0.0,0.0,40,safe,claude
l0v35_2_5p00g3,0.0,0.0,40,safe,claude
lelena1319,0.0,0.0,40,safe,claude
lena_gaby,0.0,0.0,40,safe,claude
lena_w2,0.0,0.0,40,safe,claude
lenity_life,0.0,0.0,40,safe,claude
leo_and_lori,0.0,0.0,40,safe,claude
lesi_weis,0.0,0.0,40,safe,claude
letmedomythang78,0.0,0.0,40,safe,claude
lettly_peny,0.0,0.0,40,safe,claude
levi071302,0.0,0.0,40,safe,claude
lex648878,0.0,0.0,40,safe,claude
ladykira00,0.0,0.0,40,safe,claude
ladysexy_hot19,0.0,0.0,40,safe,claude
lakelove66,0.0,0.0,40,safe,claude
lanarivers22,0.0,0.0,40,safe,claude
lancehardwood222,0.0,0.0,40,safe,claude
lexxxx442,0.0,0.0,40,nsfw,arliai
lexy_sinn,0.0,0.0,40,safe,claude
li1yanne,0.0,0.0,40,safe,claude
yourou_an,0.0,0.0,40,safe,claude
lia1243756,0.0,0.0,40,safe,claude
lia_assholeorange_,0.0,0.0,40,nsfw,arliai
liam_colliins,0.0,0.0,40,safe,claude
liam_dreamfire,0.0,0.0,40,safe,claude
liamcooks6999,0.0,0.0,40,safe,claude
lickabletash98,0.0,0.0,40,safe,claude
liightanddarkness11_11,0.0,0.0,40,safe,claude
laylamoore3,0.0,0.0,40,safe,claude
leah_luxxxx,0.0,0.0,40,nsfw,arliai
leahlovesyou22,0.0,0.0,40,safe,claude
least_bodybuilder920,0.0,0.0,40,safe,claude
leia_renae,0.0,0.0,40,safe,claude
lili_and_niki,0.0,0.0,40,safe,claude
yournaughtyneighbors25,0.0,0.0,40,safe,claude
lilicarter_1,0.0,0.0,40,safe,claude
lilit_west,0.0,0.0,40,safe,claude
lilith_omega,0.0,0.0,40,safe,claude
lilly_mattsson,0.0,0.0,40,safe,claude
lillyknight_,0.0,0.0,40,safe,claude
lilmexi275950,0.0,0.0,40,safe,claude
lily266154,0.0,0.0,40,safe,claude
lily_cherry0,0.0,0.0,40,safe,claude
yumyass26,0.0,0.0,40,nsfw,arliai
lexie_n_nate,0.0,0.0,40,safe,claude
lexiluxxx3,0.0,0.0,40,nsfw,arliai
lexxarose05,0.0,0.0,40,safe,claude
lisa_marxsss,0.0,0.0,40,safe,claude
lisashliehotwife909,0.0,0.0,40,safe,claude
lismar_jhoan,0.0,0.0,40,safe,claude
lissa_meooow,0.0,0.0,40,safe,claude
little3lily,0.0,0.0,40,safe,claude
little_caro13,0.0,0.0,40,safe,claude
1ltlllitltltllttltlllltllllltl,0.0,0.0,40,safe,claude
little_emi14,0.0,0.0,40,safe,claude
little_flower_,0.0,0.0,40,safe,claude
1ntimate_moment,0.0,0.0,40,safe,claude
like_pie,0.0,0.0,40,safe,claude
21nhornyy,0.0,0.0,40,nsfw,arliai
lil_kxx,0.0,0.0,40,safe,claude
lil_pumpkinpie,0.0,0.0,40,safe,claude
21yearsy0ung9icheshung,0.0,0.0,40,safe,claude
little_rapunsel_,0.0,0.0,40,safe,claude
little_sweety_18_,0.0,0.0,40,safe,claude
little_v1rgin_angel,0.0,0.0,40,safe,claude
little_yena,0.0,0.0,40,safe,claude
littlecouple9,0.0,0.0,40,safe,claude
littlemisslily0,0.0,0.0,40,safe,claude
littlemissmia222,0.0,0.0,40,safe,claude
littleoliviia_,0.0,0.0,40,safe,claude
2alexoconor,0.0,0.0,40,safe,claude
livestream18x,0.0,0.0,40,safe,claude
lily_conor,0.0,0.0,40,safe,claude
lily_weep,0.0,0.0,40,safe,claude
lilymae98,0.0,0.0,40,safe,claude
linavega1,0.0,0.0,40,safe,claude
lincoln1414,0.0,0.0,40,safe,claude
veola_new,0.0,0.0,40,safe,claude
vera_velvet,0.0,0.0,40,safe,claude
verhona_vlad,0.0,0.0,40,safe,claude
veronica_0909,0.0,0.0,40,safe,claude
veronica_vampi,0.0,0.0,40,safe,claude
veryveryvery_shy,0.0,0.0,40,safe,claude
vicioushorse33,0.0,0.0,40,safe,claude
vickydoll28,0.0,0.0,40,safe,claude
vickygrey1,0.0,0.0,40,safe,claude
victoria_dior,0.0,0.0,40,safe,claude
victoriaw_1,0.0,0.0,40,safe,claude
victtoriamoon_1,0.0,0.0,40,safe,claude
vienna1702,0.0,0.0,40,safe,claude
2bigcocksforu,0.0,0.0,40,nsfw,arliai
2ez4roses,0.0,0.0,40,safe,claude
2girls_1dream,0.0,0.0,40,safe,claude
livtyler98,0.0,0.0,40,safe,claude
lixie_twenties,0.0,0.0,40,safe,claude
lizzieblue4u,0.0,0.0,40,safe,claude
llovers4u2,0.0,0.0,40,safe,claude
lodemure_,0.0,0.0,40,safe,claude
loise_xx,0.0,0.0,40,safe,claude
lolaa_pink_,0.0,0.0,40,safe,claude
2jckedbros,0.0,0.0,40,safe,claude
lolaethan43,0.0,0.0,40,safe,claude
lonelly_lolly98,0.0,0.0,40,safe,claude
loneshark55,0.0,0.0,40,safe,claude
look_my_passion,0.0,0.0,40,nsfw,arliai
loren_daze,0.0,0.0,40,safe,claude
lorenallen_,0.0,0.0,40,safe,claude
lori_juce,0.0,0.0,40,safe,claude
venusqueen07,0.0,0.0,40,safe,claude
lunaxxx0,0.0,0.0,40,nsfw,arliai
lottesoflove96,0.0,0.0,40,safe,claude
louieloads69,0.0,0.0,40,safe,claude
love_insidee,0.0,0.0,40,safe,claude
love_lovess,0.0,0.0,40,safe,claude
lovelly_mooncouple,0.0,0.0,40,safe,claude
lovely_jastine,0.0,0.0,40,safe,claude
lovely_megan20,0.0,0.0,40,safe,claude
2whitediamonds,0.0,0.0,40,safe,claude
loverlover18yrs,0.0,0.0,40,safe,claude
lovin_cali_girl,0.0,0.0,40,safe,claude
loving_kristina,0.0,0.0,40,safe,claude
3lisnothere,0.0,0.0,40,safe,claude
your_wild_fantasy,0.0,0.0,40,safe,claude
lyly_bambi,0.0,0.0,40,safe,claude
m0ms_place,0.0,0.0,40,safe,claude
lucian_davi,0.0,0.0,40,safe,claude
lucifera1,0.0,0.0,40,safe,claude
lucky_forme,0.0,0.0,40,safe,claude
lucy_kanne,0.0,0.0,40,safe,claude
lucydelrey57,0.0,0.0,40,safe,claude
trixilee24,0.0,0.0,40,safe,claude
lucys001,0.0,0.0,40,safe,claude
luis7777hui,0.0,0.0,40,safe,claude
luisa_summer2,0.0,0.0,40,safe,claude
lukass_scott,0.0,0.0,40,nsfw,arliai
lularose6,0.0,0.0,40,safe,claude
lulu7870,0.0,0.0,40,safe,claude
lunafox07,0.0,0.0,40,safe,claude
lunary_mix,0.0,0.0,40,safe,claude
majesty_cassandra,0.0,0.0,40,nsfw,arliai
makiyahbelle2,0.0,0.0,40,safe,claude
lupe_53,0.0,0.0,40,safe,claude
lupe_jones22,0.0,0.0,40,safe,claude
lusciouslibra82,0.0,0.0,40,safe,claude
lushlexi2277,0.0,0.0,40,safe,claude
lusterandsp1ce,0.0,0.0,40,safe,claude
lusty_miss_di,0.0,0.0,40,safe,claude
luv_tessa,0.0,0.0,40,safe,claude
_big123456789,0.0,0.0,40,safe,claude
luz_hapuc,0.0,0.0,40,safe,claude
lyboff72,0.0,0.0,40,safe,claude
lyl321,0.0,0.0,40,safe,claude
lylii_evans,0.0,0.0,40,safe,claude
lylita_moon,0.0,0.0,40,safe,claude
mariangeel_,0.0,0.0,40,safe,claude
mario_serhos,0.0,0.0,40,safe,claude
3xxxdaily,0.0,0.0,40,nsfw,arliai
macccx69,0.0,0.0,40,safe,claude
machigai39,0.0,0.0,40,safe,claude
machinecumkelly69,0.0,0.0,40,nsfw,arliai
maddisonrae76,0.0,0.0,40,safe,claude
maddybabyy223,0.0,0.0,40,safe,claude
maddycute4u,0.0,0.0,40,safe,claude
maddyknight1,0.0,0.0,40,safe,claude
madelyn1111,0.0,0.0,40,safe,claude
madissonone1,0.0,0.0,40,safe,claude
madlyn_dee,0.0,0.0,40,safe,claude
magicalmayaa_,0.0,0.0,40,safe,claude
mahiasmith13,0.0,0.0,40,safe,claude
maia_lia,0.0,0.0,40,safe,claude
masha_flower,0.0,0.0,40,safe,claude
masters_sexx,0.0,0.0,40,safe,claude
mateosexyhot22,0.0,0.0,40,safe,claude
malika_00,0.0,0.0,40,safe,claude
maluma4you,0.0,0.0,40,safe,claude
mamigilf66,0.0,0.0,40,safe,claude
mandy138,0.0,0.0,40,safe,claude
mara_friendboy,0.0,0.0,40,safe,claude
marc105100,0.0,0.0,40,safe,claude
marcelo_dosantos77,0.0,0.0,40,safe,claude
marcio123759416,0.0,0.0,40,safe,claude
marcus_kira,0.0,0.0,40,safe,claude
marcy_grey,0.0,0.0,40,safe,claude
margaretsweet1,0.0,0.0,40,safe,claude
maria_sofii,0.0,0.0,40,safe,claude
420angelbaby,0.0,0.0,40,safe,claude
mbbc35,0.0,0.0,40,safe,claude
mbutterfly1,0.0,0.0,40,safe,claude
medved84,0.0,0.0,40,safe,claude
meg_myersss,0.0,0.0,40,safe,claude
marivimichel01,0.0,0.0,40,safe,claude
mark_love_margo,0.0,0.0,40,safe,claude
marlena3312,0.0,0.0,40,safe,claude
marry_evans,0.0,0.0,40,safe,claude
martinlutor420,0.0,0.0,40,safe,claude
mary_kruz,0.0,0.0,40,safe,claude
mary_rosse,0.0,0.0,40,safe,claude
420hotandbothered,0.0,0.0,40,safe,claude
4tadeorey4,0.0,0.0,40,safe,claude
694u4me,0.0,0.0,40,safe,claude
mash_potatoes_are_good,0.0,0.0,40,safe,claude
melany_riccii,0.0,0.0,40,safe,claude
69_sexy_lady,0.0,0.0,40,safe,claude
melli_sam,0.0,0.0,40,safe,claude
menarethebest123,0.0,0.0,40,safe,claude
menbienn2017,0.0,0.0,40,safe,claude
matteo_n_luisa,0.0,0.0,40,safe,claude
matty56193,0.0,0.0,40,safe,claude
mature_kiara,0.0,0.0,40,safe,claude
mature_naughty2024,0.0,0.0,40,safe,claude
mature_white_milf,0.0,0.0,40,safe,claude
maturecouple0412,0.0,0.0,40,safe,claude
6lovve9,0.0,0.0,40,safe,claude
maybe_marry_me,0.0,0.0,40,safe,claude
mazikeen_18,0.0,0.0,40,safe,claude
7inchesoffrenchmeat,0.0,0.0,40,safe,claude
7maryjane7,0.0,0.0,40,safe,claude
mia_milagros,0.0,0.0,40,safe,claude
mia_pearlss,0.0,0.0,40,safe,claude
mia_squirt_big,0.0,0.0,40,nsfw,arliai
megan__stoone,0.0,0.0,40,safe,claude
megan_greyxx,0.0,0.0,40,safe,claude
megan_hally,0.0,0.0,40,safe,claude
88_nura,0.0,0.0,40,safe,claude
meganmei666,0.0,0.0,40,safe,claude
megann556,0.0,0.0,40,safe,claude
megar_3,0.0,0.0,40,safe,claude
meghan_gomez1,0.0,0.0,40,safe,claude
meghan_nill,0.0,0.0,40,safe,claude
mein_keen,0.0,0.0,40,safe,claude
melania_browis,0.0,0.0,40,safe,claude
8_altair_8,0.0,0.0,40,safe,claude
milabritton1,0.0,0.0,40,safe,claude
milana_sugar,0.0,0.0,40,safe,claude
miley_k18,0.0,0.0,40,safe,claude
menny_london,0.0,0.0,40,safe,claude
meow_meow_mia,0.0,0.0,40,safe,claude
meowalice1,0.0,0.0,40,safe,claude
meowbaby1000,0.0,0.0,40,safe,claude
meowed_dance,0.0,0.0,40,safe,claude
mera_lovers,0.0,0.0,40,safe,claude
metatron_muscle,0.0,0.0,40,safe,claude
meyong_mg,0.0,0.0,40,safe,claude
mi_yamazaki,0.0,0.0,40,safe,claude
mia4sin,0.0,0.0,40,safe,claude
milf54,0.0,0.0,40,safe,claude
milf_lacey,0.0,0.0,40,safe,claude
milf_nikki_k,0.0,0.0,40,safe,claude
milf_tea,0.0,0.0,40,safe,claude
milf_viktoria,0.0,0.0,40,safe,claude
mia_wintermood,0.0,0.0,40,safe,claude
mialee1,0.0,0.0,40,safe,claude
miamiam1a,0.0,0.0,40,safe,claude
8inhard4fun,0.0,0.0,40,safe,claude
miamuffin8,0.0,0.0,40,safe,claude
miashopper2,0.0,0.0,40,safe,claude
michaelfarmer3588,0.0,0.0,40,safe,claude
michelle_malkus,0.0,0.0,40,safe,claude
mickey_mia,0.0,0.0,40,safe,claude
midgettripod1,0.0,0.0,40,safe,claude
miilkmariie22,0.0,0.0,40,safe,claude
urgotbigonets4uxxx,0.0,0.0,40,nsfw,arliai
uwu_vi,0.0,0.0,40,safe,claude
vaiyolet_smith,0.0,0.0,40,safe,claude
valentiinna_23,0.0,0.0,40,safe,claude
vampyy_doll,0.0,0.0,40,safe,claude
9fat_inches,0.0,0.0,40,safe,claude
9harlotte99,0.0,0.0,40,safe,claude
vanessa_sxy,0.0,0.0,40,safe,claude
vanessaboobsx1,0.0,0.0,40,nsfw,arliai
vanessavenus11,0.0,0.0,40,safe,claude
varsitybaby000,0.0,0.0,40,safe,claude
velevet_o,0.0,0.0,40,safe,claude
velve_tvibes,0.0,0.0,40,safe,claude
_girl_ebony,0.0,0.0,40,safe,claude
venus_tay11,0.0,0.0,40,safe,claude
milk_little4u,0.0,0.0,40,safe,claude
milkhotcam23,0.0,0.0,40,safe,claude
millena_grey,0.0,0.0,40,safe,claude
_goalexgo_,0.0,0.0,40,safe,claude
mini_kunis,0.0,0.0,40,safe,claude
minnie_jin,0.0,0.0,40,safe,claude
minx_girll,0.0,0.0,40,safe,claude
mira_lanes,0.0,0.0,40,safe,claude
mirai_meow,0.0,0.0,40,safe,claude
mirela_silver,0.0,0.0,40,safe,claude
[04:02:30]_original:_abby_milf,,,40,safe,claude
[04:02:30]_original:_alana__milf,,,40,safe,claude
miss_jasmine79,0.0,0.0,40,safe,claude
miss_lawasita,0.0,0.0,40,safe,claude
miss_lenorman,0.0,0.0,40,safe,claude
miss_maci_xo,0.0,0.0,40,safe,claude
miss_meii,0.0,0.0,40,safe,claude
miss_melisaa,0.0,0.0,40,safe,claude
miss_pawi,0.0,0.0,40,safe,claude
miss_smithx,0.0,0.0,40,safe,claude
miss_soffy,0.0,0.0,40,safe,claude
missbritanny_ebony,0.0,0.0,40,safe,claude
misseva88,0.0,0.0,40,safe,claude
missjenna4,0.0,0.0,40,safe,claude
misslucye_robbie,0.0,0.0,40,safe,claude
[04:02:30]_original:_alexa__milf,,,40,safe,claude
missmilan1,0.0,0.0,40,safe,claude
missvalery_1,0.0,0.0,40,safe,claude
mistress_tano,0.0,0.0,40,safe,claude
mistressblack6,0.0,0.0,40,safe,claude
mistressmia718,0.0,0.0,40,safe,claude
misty_miu,0.0,0.0,40,safe,claude
misxy500310,0.0,0.0,40,safe,claude
mitsuri22,0.0,0.0,40,safe,claude
mj_lili,0.0,0.0,40,safe,claude
modest_devil,0.0,0.0,40,safe,claude
moesha_rey,0.0,0.0,40,safe,claude
molllyyy_,0.0,0.0,40,safe,claude
molly_and_zayn,0.0,0.0,40,safe,claude
molly_couper1,0.0,0.0,40,safe,claude
molly_mart1n_,0.0,0.0,40,safe,claude
molly_siu,0.0,0.0,40,safe,claude
mollyjams77,0.0,0.0,40,safe,claude
mollykate18,0.0,0.0,40,safe,claude
momo612238,0.0,0.0,40,safe,claude
mon1ca_jones,0.0,0.0,40,safe,claude
monalisa169,0.0,0.0,40,safe,claude
monika_reed1,0.0,0.0,40,safe,claude
_0hitsme,0.0,0.0,40,safe,claude
monkeyspank82,0.0,0.0,40,safe,claude
monstarnancy08,0.0,0.0,40,safe,claude
moon_ligth18,0.0,0.0,40,safe,claude
moon_night_anna,0.0,0.0,40,safe,claude
moonkitty6969,0.0,0.0,40,safe,claude
moonlight1106,0.0,0.0,40,safe,claude
moraazul_sweet_,0.0,0.0,40,safe,claude
morgan_carys,0.0,0.0,40,safe,claude
morgan_rain03,0.0,0.0,40,safe,claude
morkov_ka,0.0,0.0,40,safe,claude
morrigan_luxus,0.0,0.0,40,safe,claude
mr_of_nightt,0.0,0.0,40,safe,claude
mr_sexy06,0.0,0.0,40,safe,claude
nalasworld33,0.0,0.0,40,safe,claude
mrbackaga1n,0.0,0.0,40,safe,claude
mrjaxon12,0.0,0.0,40,safe,claude
mrkarlhot99,0.0,0.0,40,safe,claude
ms_brattybunny,0.0,0.0,40,safe,claude
_2strangers,0.0,0.0,40,safe,claude
mshanna_kang,0.0,0.0,40,safe,claude
musclehair3,0.0,0.0,40,safe,claude
muscularkevin21,0.0,0.0,40,safe,claude
muse6678,0.0,0.0,40,safe,claude
mussa_hott,0.0,0.0,40,safe,claude
my_friends_mom1,0.0,0.0,40,safe,claude
my_lillylynn,0.0,0.0,40,safe,claude
my_little_pollly,0.0,0.0,40,safe,claude
my_melody02,0.0,0.0,40,safe,claude
naughty_tilly,0.0,0.0,40,safe,claude
_a_n_n_y_,0.0,0.0,40,safe,claude
_adamcoper_,0.0,0.0,40,safe,claude
mya66maya,0.0,0.0,40,safe,claude
mydirtyvloglily1,0.0,0.0,40,safe,claude
mylielynn27,0.0,0.0,40,safe,claude
myrtlegirl_5,0.0,0.0,40,safe,claude
mysticmoods23,0.0,0.0,40,safe,claude
mysweetsofie1,0.0,0.0,40,safe,claude
na_ta777,0.0,0.0,40,safe,claude
naano249,0.0,0.0,40,safe,claude
nagibator69_,0.0,0.0,40,safe,claude
naireth_curve,0.0,0.0,40,safe,claude
naireth_curves,0.0,0.0,40,safe,claude
nakedpaint245477,0.0,0.0,40,nsfw,arliai
nickyn_blake,0.0,0.0,40,safe,claude
nicol_gil01,0.0,0.0,40,safe,claude
nanaonlyfun2,0.0,0.0,40,safe,claude
nancycute__,0.0,0.0,40,safe,claude
natasha_boobs_latina,0.0,0.0,40,nsfw,arliai
natasha_foxxx,0.0,0.0,40,nsfw,arliai
natasha_smith09,0.0,0.0,40,safe,claude
nathalyn05,0.0,0.0,40,safe,claude
nathyy_garcia,0.0,0.0,40,safe,claude
natii_bigass,0.0,0.0,40,nsfw,arliai
natsumi18,0.0,0.0,40,safe,claude
natural_meri,0.0,0.0,40,safe,claude
_allymia_,0.0,0.0,40,safe,claude
naughty_at_home,0.0,0.0,40,safe,claude
naughty_nat3,0.0,0.0,40,safe,claude
_allynmia_,0.0,0.0,40,safe,claude
nina_ponse,0.0,0.0,40,safe,claude
ninabryon1,0.0,0.0,40,safe,claude
noahandmegan69,0.0,0.0,40,safe,claude
naughtycaligrl76,0.0,0.0,40,safe,claude
naughtygal0001,0.0,0.0,40,safe,claude
nauty_leila,0.0,0.0,40,safe,claude
neonate_love,0.0,0.0,40,safe,claude
new_dee,0.0,0.0,40,safe,claude
new_york_guy518,0.0,0.0,40,safe,claude
nice_saraa,0.0,0.0,40,safe,claude
nichous77,0.0,0.0,40,safe,claude
nick_zackk,0.0,0.0,40,safe,claude
nickiii666,0.0,0.0,40,safe,claude
nickmaxx_louisegc,0.0,0.0,40,safe,claude
nicky123xox,0.0,0.0,40,safe,claude
nicky_spark,0.0,0.0,40,safe,claude
oh_my_bonita,0.0,0.0,40,safe,claude
oh_ok_cassidy,0.0,0.0,40,nsfw,arliai
_amethystxxx,0.0,0.0,40,nsfw,arliai
ohlin_hub,0.0,0.0,40,safe,claude
nicol_jenner,0.0,0.0,40,safe,claude
nicole_8788,0.0,0.0,40,safe,claude
nicole_adam_ms,0.0,0.0,40,safe,claude
nicoleth18,0.0,0.0,40,safe,claude
nika_la_sun,0.0,0.0,40,safe,claude
nikeair305,0.0,0.0,40,safe,claude
nikiololli666,0.0,0.0,40,safe,claude
nikkibby806368,0.0,0.0,40,safe,claude
nikole111,0.0,0.0,40,safe,claude
nikpassion123,0.0,0.0,40,nsfw,arliai
_anaelacb,0.0,0.0,40,safe,claude
_antonella_jones_20,0.0,0.0,40,safe,claude
ouch_may,0.0,0.0,40,safe,claude
ouro1556,0.0,0.0,40,safe,claude
out_lust,0.0,0.0,40,safe,claude
overmanc5442,0.0,0.0,40,safe,claude
noha_thomson,0.0,0.0,40,safe,claude
_asian_princess11_,0.0,0.0,40,safe,claude
nora_failure,0.0,0.0,40,safe,claude
northern_gracia,0.0,0.0,40,safe,claude
nympho_aliss_robert,0.0,0.0,40,safe,claude
nymphok1tty,0.0,0.0,40,safe,claude
o92010400300,0.0,0.0,40,safe,claude
ocean_fogg,0.0,0.0,40,safe,claude
_bamby_baby_,0.0,0.0,40,safe,claude
of_aliiscool,0.0,0.0,40,safe,claude
penisqueen69,0.0,0.0,40,nsfw,arliai
peralez_f,0.0,0.0,40,safe,claude
perfectt33n,0.0,0.0,40,safe,claude
perid0tprincess,0.0,0.0,40,safe,claude
olive_nextdoor,0.0,0.0,40,safe,claude
olvr_zoolander,0.0,0.0,40,safe,claude
olympus_sex,0.0,0.0,40,safe,claude
_meghan_gomez1_,0.0,0.0,40,safe,claude
oneoften1000,0.0,0.0,40,safe,claude
onlyxandra7,0.0,0.0,40,safe,claude
onthecumup69,0.0,0.0,40,nsfw,arliai
ophelia_peachy,0.0,0.0,40,safe,claude
orion_perla,0.0,0.0,40,safe,claude
orionblaze69,0.0,0.0,40,safe,claude
ortensialady76444316,0.0,0.0,40,safe,claude
ostin_18hot,0.0,0.0,40,safe,claude
pizzle60,0.0,0.0,40,safe,claude
play_sex2023,0.0,0.0,40,safe,claude
play_two_girls3,0.0,0.0,40,safe,claude
player2pawns,0.0,0.0,40,safe,claude
playful_medeea,0.0,0.0,40,safe,claude
painslut_alice,0.0,0.0,40,nsfw,arliai
pam_fans,0.0,0.0,40,safe,claude
pamela_zaens2,0.0,0.0,40,safe,claude
paolita_sex18,0.0,0.0,40,safe,claude
party_rachael,0.0,0.0,40,safe,claude
passionprince69,0.0,0.0,40,nsfw,arliai
patring292004,0.0,0.0,40,safe,claude
patry333,0.0,0.0,40,safe,claude
patty_foxxx,0.0,0.0,40,nsfw,arliai
pawggoddess778,0.0,0.0,40,safe,claude
penelope_cooper1,0.0,0.0,40,safe,claude
prettycumbabe8,0.0,0.0,40,nsfw,arliai
_mia_angel17,0.0,0.0,40,safe,claude
pretur_crubaa,0.0,0.0,40,safe,claude
_miranda_hobbess,0.0,0.0,40,safe,claude
perla_8710,0.0,0.0,40,safe,claude
philippinas_white_man,0.0,0.0,40,safe,claude
_blueemar,0.0,0.0,40,safe,claude
_by_double_sexy_miss_,0.0,0.0,40,safe,claude
pinay_beauty14,0.0,0.0,40,safe,claude
pinayhottie0028,0.0,0.0,40,safe,claude
pinkberry_boy,0.0,0.0,40,safe,claude
pinkloly69,0.0,0.0,40,safe,claude
pippa33109,0.0,0.0,40,safe,claude
pittandlunaa69,0.0,0.0,40,safe,claude
purplemichalben448557,0.0,0.0,40,safe,claude
pusichka_,0.0,0.0,40,safe,claude
pussysweet9,0.0,0.0,40,nsfw,arliai
queen4565,0.0,0.0,40,safe,claude
queenandking9,0.0,0.0,40,safe,claude
queenjezabel444,0.0,0.0,40,safe,claude
playman83,0.0,0.0,40,safe,claude
polylove18,0.0,0.0,40,safe,claude
_candy_alaia_,0.0,0.0,40,safe,claude
_canndy1,0.0,0.0,40,safe,claude
poundinmycock4u,0.0,0.0,40,nsfw,arliai
pouty_selena,0.0,0.0,40,safe,claude
pphoto_95,0.0,0.0,40,safe,claude
pregnantmomma01,0.0,0.0,40,safe,claude
pretty_kimxxx,0.0,0.0,40,nsfw,arliai
rea_veil,0.0,0.0,40,safe,claude
realdonnieston1,0.0,0.0,40,safe,claude
rebecca0019,0.0,0.0,40,safe,claude
rebecca_milf,0.0,0.0,40,safe,claude
redisbest69,0.0,0.0,40,safe,claude
reei__,0.0,0.0,40,safe,claude
_capybara0_0,0.0,0.0,40,safe,claude
princess_sweety,0.0,0.0,40,safe,claude
princesselysia99,0.0,0.0,40,safe,claude
princessoftenis44,0.0,0.0,40,safe,claude
princesstease1,0.0,0.0,40,safe,claude
promuscles4u,0.0,0.0,40,safe,claude
puff_witch,0.0,0.0,40,safe,claude
pupi_wolf,0.0,0.0,40,safe,claude
pure_purrr,0.0,0.0,40,safe,claude
purpl3h4z3,0.0,0.0,40,safe,claude
riki_tiki_tavi,0.0,0.0,40,safe,claude
riley_and_him,0.0,0.0,40,safe,claude
rjayson14,0.0,0.0,40,safe,claude
rjbwc101,0.0,0.0,40,safe,claude
rlkit_f5,0.0,0.0,40,safe,claude
roberto4ever,0.0,0.0,40,safe,claude
robo3lk,0.0,0.0,40,safe,claude
rach_thetall1,0.0,0.0,40,safe,claude
rahel_barbara,0.0,0.0,40,safe,claude
randomdude5950,0.0,0.0,40,safe,claude
rapunsel_sexy,0.0,0.0,40,safe,claude
ravishing_roni,0.0,0.0,40,safe,claude
raychell_black,0.0,0.0,40,safe,claude
rayray223345,0.0,0.0,40,safe,claude
raysweet1,0.0,0.0,40,safe,claude
re0muscle,0.0,0.0,40,safe,claude
roxana_brooks,0.0,0.0,40,safe,claude
roxolanaa_sexy,0.0,0.0,40,safe,claude
roxxxie_reid,0.0,0.0,40,nsfw,arliai
rubmyclit22,0.0,0.0,40,nsfw,arliai
ruby_rose_the_sex_doll,0.0,0.0,40,safe,claude
rxzee0910,0.0,0.0,40,safe,claude
ryff_burnz,0.0,0.0,40,safe,claude
_cheburash_cam,0.0,0.0,40,safe,claude
reichel_gray,0.0,0.0,40,safe,claude
reign_rellic_,0.0,0.0,40,safe,claude
relax_nina,0.0,0.0,40,safe,claude
remi_rosee,0.0,0.0,40,safe,claude
renae_tom,0.0,0.0,40,safe,claude
rhys200411,0.0,0.0,40,safe,claude
rick2128,0.0,0.0,40,safe,claude
rihana_hot01,0.0,0.0,40,safe,claude
samanthamiasnik1,0.0,0.0,40,safe,claude
samara_and_eithan,0.0,0.0,40,safe,claude
samara_gray,0.0,0.0,40,safe,claude
sami_ross1,0.0,0.0,40,safe,claude
sammy_ithan,0.0,0.0,40,safe,claude
samqueenzel_,0.0,0.0,40,safe,claude
sandra_buika,0.0,0.0,40,safe,claude
roccoblack02,0.0,0.0,40,safe,claude
roniya_v,0.0,0.0,40,safe,claude
roomhot08,0.0,0.0,40,safe,claude
rooster696969joe,0.0,0.0,40,safe,claude
rosario215_,0.0,0.0,40,safe,claude
rose77782,0.0,0.0,40,safe,claude
_cherry1,0.0,0.0,40,safe,claude
rosemary1991,0.0,0.0,40,safe,claude
rosydoll666,0.0,0.0,40,safe,claude
sarah_swtt,0.0,0.0,40,safe,claude
_demi_dee_,0.0,0.0,40,safe,claude
sarahconnors0815,0.0,0.0,40,safe,claude
saray_lowry,0.0,0.0,40,safe,claude
_encisseria_,0.0,0.0,40,safe,claude
sasha_amour,0.0,0.0,40,safe,claude
sasha_tsbbc,0.0,0.0,40,safe,claude
ryuujiin_x,0.0,0.0,40,safe,claude
sabrina365,0.0,0.0,40,safe,claude
sagexo23,0.0,0.0,40,safe,claude
sahury_moonxx,0.0,0.0,40,safe,claude
sam_cam22,0.0,0.0,40,safe,claude
sam_monrou,0.0,0.0,40,safe,claude
samandj1581,0.0,0.0,40,safe,claude
samantaa_g,0.0,0.0,40,safe,claude
samanthalavey_,0.0,0.0,40,safe,claude
schoolgirl19,0.0,0.0,40,safe,claude
scjohnk69,0.0,0.0,40,safe,claude
scorpiosting28,0.0,0.0,40,safe,claude
scottie813,0.0,0.0,40,safe,claude
scruzfreaks108,0.0,0.0,40,safe,claude
_fantasyplay,0.0,0.0,40,safe,claude
secretlove333,0.0,0.0,40,safe,claude
selena_wolf1,0.0,0.0,40,safe,claude
sandrami_,0.0,0.0,40,safe,claude
_funsize_,0.0,0.0,40,safe,claude
santy7u7,0.0,0.0,40,safe,claude
sapphire_xoo,0.0,0.0,40,safe,claude
sara_thompsoon,0.0,0.0,40,safe,claude
saradiamond01,0.0,0.0,40,safe,claude
saragrey31,0.0,0.0,40,safe,claude
sensualcherry_,0.0,0.0,40,safe,claude
sensualsarah1,0.0,0.0,40,safe,claude
sensualwoman4u,0.0,0.0,40,safe,claude
senzual_naughtyx,0.0,0.0,40,safe,claude
sex_pleasure_heat,0.0,0.0,40,safe,claude
sexiest_girlscb,0.0,0.0,40,safe,claude
sexxx_game,0.0,0.0,40,nsfw,arliai
sexy_elfie,0.0,0.0,40,safe,claude
sexy_hot_friends,0.0,0.0,40,safe,claude
sexy_kimberlyxx,0.0,0.0,40,safe,claude
sayame88,0.0,0.0,40,safe,claude
sbarnes2006_,0.0,0.0,40,safe,claude
sc4r3d_v4mp,0.0,0.0,40,safe,claude
scarlet_keit,0.0,0.0,40,safe,claude
school_sextape,0.0,0.0,40,safe,claude
sexyashley_21,0.0,0.0,40,safe,claude
sexyasianguy2340,0.0,0.0,40,safe,claude
sexybite1,0.0,0.0,40,safe,claude
sexybutt888,0.0,0.0,40,safe,claude
sexychloe1996,0.0,0.0,40,safe,claude
sexycouple2111111,0.0,0.0,40,safe,claude
sexyfit58,0.0,0.0,40,safe,claude
sexyhotblack21,0.0,0.0,40,safe,claude
sexymona1218,0.0,0.0,40,safe,claude
sexypenguin13,0.0,0.0,40,safe,claude
sexyycouple1234,0.0,0.0,40,safe,claude
selene_ebony,0.0,0.0,40,safe,claude
selfish_ashley,0.0,0.0,40,safe,claude
sell0n,0.0,0.0,40,safe,claude
selly__madelline,0.0,0.0,40,safe,claude
sensual_sex07,0.0,0.0,40,safe,claude
two_trunkx,0.0,0.0,40,safe,claude
twogirls1strap,0.0,0.0,40,safe,claude
tyler_sub18,0.0,0.0,40,safe,claude
udesire25,0.0,0.0,40,safe,claude
uncuttwink311,0.0,0.0,40,safe,claude
_side_by_you_,0.0,0.0,40,safe,claude
unistar_anna,0.0,0.0,40,safe,claude
ur_daylee_dose,0.0,0.0,40,safe,claude
ur_lover_ryuu,0.0,0.0,40,safe,claude
ur_mija_veronica,0.0,0.0,40,safe,claude
urasian_pampelatch,0.0,0.0,40,safe,claude
sexy_mamy,0.0,0.0,40,safe,claude
sexy_show19,0.0,0.0,40,safe,claude
sexy_vania,0.0,0.0,40,safe,claude
sexyandy738638,0.0,0.0,40,safe,claude
shanty_hugs,0.0,0.0,40,safe,claude
sharon_lewwis1,0.0,0.0,40,safe,claude
shawn542474,0.0,0.0,40,safe,claude
shiestykat999,0.0,0.0,40,safe,claude
shineblue2728,0.0,0.0,40,safe,claude
shiny_jail,0.0,0.0,40,safe,claude
shopia_tony,0.0,0.0,40,safe,claude
shty_nympho,0.0,0.0,40,safe,claude
shy_jane,0.0,0.0,40,safe,claude
shy_littlekitten,0.0,0.0,40,safe,claude
_jasminestea_,0.0,0.0,40,safe,claude
shy_schoolgirl_,0.0,0.0,40,safe,claude
twinkbttm69,0.0,0.0,40,safe,claude
twinksguys360,0.0,0.0,40,safe,claude
twinkzz101,0.0,0.0,40,safe,claude
two_for_the_night,0.0,0.0,40,safe,claude
sillygoosey69,0.0,0.0,40,safe,claude
_jireh33_,0.0,0.0,40,safe,claude
simona_06,0.0,0.0,40,safe,claude
simplysummer2,0.0,0.0,40,safe,claude
sincerre9_tara,0.0,0.0,40,safe,claude
sissyclown_dolly,0.0,0.0,40,safe,claude
skarfos_babes,0.0,0.0,40,safe,claude
skarlett_milk,0.0,0.0,40,safe,claude
skarlettrose911,0.0,0.0,40,safe,claude
skarpio17,0.0,0.0,40,safe,claude
skinny_candy18,0.0,0.0,40,safe,claude
skinny_isabela,0.0,0.0,40,safe,claude
sga20233,0.0,0.0,40,safe,claude
shanara_exotic,0.0,0.0,40,safe,claude
shani_tay1,0.0,0.0,40,safe,claude
shannnikkii420,0.0,0.0,40,safe,claude
skinnyx_cute19,0.0,0.0,40,safe,claude
skyamber8,0.0,0.0,40,safe,claude
skytime96,0.0,0.0,40,safe,claude
slaty_sugar,0.0,0.0,40,safe,claude
sleepycode002,0.0,0.0,40,safe,claude
slut_oo,0.0,0.0,40,nsfw,arliai
_kerryleen,0.0,0.0,40,safe,claude
smiling_riddle,0.0,0.0,40,safe,claude
smithshani28,0.0,0.0,40,safe,claude
so_won_min,0.0,0.0,40,safe,claude
soccer_hot,0.0,0.0,40,safe,claude
soccerjock8445,0.0,0.0,40,safe,claude
sofa_sunnie,0.0,0.0,40,safe,claude
shy_student_alice,0.0,0.0,40,safe,claude
_kirieshka,0.0,0.0,40,safe,claude
siakiss09,0.0,0.0,40,safe,claude
_lasuescun,0.0,0.0,40,safe,claude
sofiajade99,0.0,0.0,40,safe,claude
sofiareyesx1,0.0,0.0,40,safe,claude
sofii_angeel,0.0,0.0,40,safe,claude
soft_katy,0.0,0.0,40,safe,claude
solar_criss,0.0,0.0,40,safe,claude
solosara8,0.0,0.0,40,safe,claude
_lilit_west_,0.0,0.0,40,safe,claude
sophia_dangerous,0.0,0.0,40,safe,claude
sophie_lii,0.0,0.0,40,safe,claude
sophiierobertss_,0.0,0.0,40,safe,claude
sophs01,0.0,0.0,40,safe,claude
_lovelyen,0.0,0.0,40,safe,claude
spark_and_madness,0.0,0.0,40,safe,claude
_madamemature_,0.0,0.0,40,safe,claude
skinny_sexyggh,0.0,0.0,40,safe,claude
spitface7st907944,0.0,0.0,40,nsfw,arliai
stacy54784,0.0,0.0,40,safe,claude
star_bons22,0.0,0.0,40,safe,claude
stardust_seiya,0.0,0.0,40,safe,claude
stargiirl_,0.0,0.0,40,safe,claude
stasiaa1,0.0,0.0,40,safe,claude
stasya_07,0.0,0.0,40,safe,claude
staycy_897,0.0,0.0,40,safe,claude
stef_winx,0.0,0.0,40,safe,claude
stefania_lerner,0.0,0.0,40,safe,claude
steffy_31,0.0,0.0,40,safe,claude
stella_shock,0.0,0.0,40,safe,claude
stellabambi001,0.0,0.0,40,safe,claude
stepbros_try_stuff,0.0,0.0,40,safe,claude
sticky_soc,0.0,0.0,40,safe,claude
sofia_cleyton1,0.0,0.0,40,safe,claude
stormii30,0.0,0.0,40,safe,claude
stripper_ella,0.0,0.0,40,safe,claude
stroker19800,0.0,0.0,40,safe,claude
strongandhard073,0.0,0.0,40,safe,claude
stroong_couple,0.0,0.0,40,safe,claude
studplayer5,0.0,0.0,40,safe,claude
stun1ng_blonde,0.0,0.0,40,safe,claude
stunning_gia,0.0,0.0,40,safe,claude
stunningly_beauty,0.0,0.0,40,safe,claude
_mayflower_,0.0,0.0,40,safe,claude
sue_star,0.0,0.0,40,safe,claude
sugacookie69,0.0,0.0,40,safe,claude
sugar_morgan,0.0,0.0,40,safe,claude
sugaremmy7,0.0,0.0,40,safe,claude
sphokhen_v,0.0,0.0,40,nsfw,arliai
sugary_kattie,0.0,0.0,40,safe,claude
summer_sunshine_,0.0,0.0,40,safe,claude
sunam01,0.0,0.0,40,safe,claude
sunn_beamm,0.0,0.0,40,safe,claude
_yourguiltypassion,0.0,0.0,40,nsfw,arliai
sunsay_effie,0.0,0.0,40,safe,claude
sunset1414,0.0,0.0,40,safe,claude
sunshine_diddy,0.0,0.0,40,safe,claude
sunshineandwhiskey333,0.0,0.0,40,safe,claude
sunshinedarling1,0.0,0.0,40,safe,claude
a_mariejuana69,0.0,0.0,40,safe,claude
superlemonhaze01,0.0,0.0,40,safe,claude
superrush69,0.0,0.0,40,safe,claude
stoney_spunkz,0.0,0.0,40,safe,claude
sweetie_natasha,0.0,0.0,40,safe,claude
sweetiebunny22,0.0,0.0,40,safe,claude
susan_hottie_,0.0,0.0,40,safe,claude
susioo1,0.0,0.0,40,safe,claude
sweet_adelee,0.0,0.0,40,safe,claude
sweet_baby_yummy,0.0,0.0,40,safe,claude
sweet_bunny29,0.0,0.0,40,safe,claude
sweet_little,0.0,0.0,40,safe,claude
_mrsnatalie_,0.0,0.0,40,safe,claude
sweet_lyn18,0.0,0.0,40,safe,claude
sweet_sandrah,0.0,0.0,40,safe,claude
sweet_sensations3,0.0,0.0,40,safe,claude
sweet_skiinny,0.0,0.0,40,safe,claude
sugarxsp1ce,0.0,0.0,40,safe,claude
swt_blonde,0.0,0.0,40,safe,claude
sydneyheaven666,0.0,0.0,40,safe,claude
sylvieandjames147,0.0,0.0,40,safe,claude
sweet_smith8,0.0,0.0,40,safe,claude
sweet_wallen,0.0,0.0,40,safe,claude
sweet_whimsy02,0.0,0.0,40,safe,claude
sweet_withegirl,0.0,0.0,40,safe,claude
sweetangell69,0.0,0.0,40,safe,claude
sweetangell69_,0.0,0.0,40,safe,claude
sweetann08,0.0,0.0,40,safe,claude
sweetashoneywet4u,0.0,0.0,40,safe,claude
sweetbobo1,0.0,0.0,40,safe,claude
sweetcurly1,0.0,0.0,40,safe,claude
sweeteileen887,0.0,0.0,40,safe,claude
sweethailey101,0.0,0.0,40,safe,claude
sweetie_blondee,0.0,0.0,40,safe,claude
tatiana_lopez19,0.0,0.0,40,safe,claude
tatianapotter2473,0.0,0.0,40,safe,claude
tattoed_bunny9,0.0,0.0,40,safe,claude
sweetjasmine3,0.0,0.0,40,safe,claude
sweetsalice__,0.0,0.0,40,safe,claude
sweetsin_07,0.0,0.0,40,safe,claude
sweetstacy_,0.0,0.0,40,safe,claude
_natycutie19,0.0,0.0,40,safe,claude
sweety_bueberry,0.0,0.0,40,safe,claude
sweety_leela,0.0,0.0,40,safe,claude
sweety_mellisa,0.0,0.0,40,safe,claude
sweety_rinushka_,0.0,0.0,40,safe,claude
swimbod32,0.0,0.0,40,safe,claude
swingergirl8610,0.0,0.0,40,safe,claude
the_fun_kooples,0.0,0.0,40,safe,claude
the_pussy_boulevard,0.0,0.0,40,nsfw,arliai
the_sweetest1,0.0,0.0,40,safe,claude
talk_w1th_me,0.0,0.0,40,safe,claude
tamagochi_gf,0.0,0.0,40,safe,claude
tammybrown1,0.0,0.0,40,safe,claude
tamy_leen,0.0,0.0,40,safe,claude
tania44bb,0.0,0.0,40,safe,claude
tarokin713,0.0,0.0,40,safe,claude
tashatoni420,0.0,0.0,40,safe,claude
_nerenu,0.0,0.0,40,safe,claude
tasticass1973,0.0,0.0,40,nsfw,arliai
_northern_girl_,0.0,0.0,40,safe,claude
tastybabe1,0.0,0.0,40,safe,claude
tatiana__cortes18,0.0,0.0,40,safe,claude
tatiana_cortes18,0.0,0.0,40,safe,claude
theian26,0.0,0.0,40,safe,claude
thepipe_layer,0.0,0.0,40,safe,claude
thesensual_girls,0.0,0.0,40,safe,claude
thesexiest2025,0.0,0.0,40,safe,claude
thiago_n_sahara,0.0,0.0,40,safe,claude
thicc_devie,0.0,0.0,40,safe,claude
thiccjess420,0.0,0.0,40,safe,claude
thickyvicky2223,0.0,0.0,40,safe,claude
thifanny_black1,0.0,0.0,40,safe,claude
taylor_brooksxx,0.0,0.0,40,safe,claude
_novareign,0.0,0.0,40,safe,claude
teen_cam_18_desktop,0.0,,40,safe,claude
teen_cam_18+,0.0,,40,safe,claude
_nsfw_,0.0,0.0,40,safe,claude
thanos_world1321002,0.0,0.0,40,safe,claude
the_beastmuscle,0.0,0.0,40,safe,claude
tight_ebony,0.0,0.0,40,safe,claude
tikolina_12,0.0,0.0,40,safe,claude
tiltmode420,0.0,0.0,40,safe,claude
_passion_show_,0.0,0.0,40,nsfw,arliai
tiny_sora,0.0,0.0,40,safe,claude
tlovely123,0.0,0.0,40,safe,claude
theblondenextdoor97,0.0,0.0,40,safe,claude
theboomboomr00m,0.0,0.0,40,safe,claude
theboynick88,0.0,0.0,40,safe,claude
theduchess69,0.0,0.0,40,safe,claude
theevae19,0.0,0.0,40,safe,claude
thegirls_girls,0.0,0.0,40,safe,claude
thegirlss_girls,0.0,0.0,40,safe,claude
toobna2,0.0,0.0,40,safe,claude
tooclose_toofar,0.0,0.0,40,safe,claude
toohorny4college,0.0,0.0,40,nsfw,arliai
tootall803,0.0,0.0,40,safe,claude
topmeup42,0.0,0.0,40,safe,claude
torinova1,0.0,0.0,40,safe,claude
toriryann23,0.0,0.0,40,safe,claude
touch_my_allie,0.0,0.0,40,safe,claude
toxiccherry245,0.0,0.0,40,safe,claude
transangel20,0.0,0.0,40,safe,claude
thomas_xxx18,0.0,0.0,40,nsfw,arliai
those_darn_frigs,0.0,0.0,40,safe,claude
thottywithabody0110,0.0,0.0,40,safe,claude
tickle_my_pickle07,0.0,0.0,40,safe,claude
adamseve777,0.0,0.0,40,safe,claude
trouble948361,0.0,0.0,40,safe,claude
true_sm1le,0.0,0.0,40,safe,claude
ts_jade,0.0,0.0,40,safe,claude
ts_pinayfoxxy18,0.0,0.0,40,safe,claude
tsmistress23,0.0,0.0,40,safe,claude
tsswd21,0.0,0.0,40,safe,claude
turbo_sexual,0.0,0.0,40,safe,claude
tuttyfrutty1,0.0,0.0,40,safe,claude
tutu_milf,0.0,0.0,40,safe,claude
twiinkie_pie,0.0,0.0,40,safe,claude
toksik69rus,0.0,0.0,40,safe,claude
tokyo_444,0.0,0.0,40,safe,claude
tokyo_wld,0.0,0.0,40,safe,claude
tombro1022,0.0,0.0,40,safe,claude
tommy_and_sophie,0.0,0.0,40,safe,claude
tonywatcher147,0.0,0.0,40,safe,claude
yourgf86,0.0,0.0,40,safe,claude
yunghung0607,0.0,0.0,40,safe,claude
yurdreams_22,0.0,0.0,40,safe,claude
yusha_and_elune,0.0,0.0,40,safe,claude
zane_deyum1,0.0,0.0,40,safe,claude
zarina_tay,0.0,0.0,40,safe,claude
zipdown_,0.0,0.0,40,safe,claude
addahot991,0.0,0.0,40,safe,claude
zuko_zen69,0.0,0.0,40,safe,claude
zulfiya_bruce,0.0,0.0,40,safe,claude
zuly_zahir,0.0,0.0,40,safe,claude
0jonaxbro0,0.0,0.0,40,safe,claude
transangel97,0.0,0.0,40,safe,claude
trev9610,0.0,0.0,40,safe,claude
addiesmith00,0.0,0.0,40,safe,claude
yumismiles8,0.0,0.0,40,safe,claude
9thick88,0.0,0.0,40,safe,claude
11inchesselfsuckerxx,0.0,0.0,40,safe,claude
11willowandjohn11,0.0,0.0,40,safe,claude
12_strongcockxx,0.0,0.0,40,nsfw,arliai
12inchselfsuckercums,0.0,0.0,40,nsfw,arliai
143vanessa,0.0,0.0,40,safe,claude
16621hectorcaxondo,0.0,0.0,40,safe,claude
18andmasked,0.0,0.0,40,safe,claude
18years,,5.0,40,safe,claude
adele_nick2202,0.0,0.0,40,safe,claude
1dream_magical,0.0,0.0,40,safe,claude
1i1ypa1mer,0.0,0.0,40,safe,claude
yuly_terner,0.0,0.0,40,safe,claude
yumeko_midari,0.0,0.0,40,safe,claude
yourblondie_bby,0.0,0.0,40,safe,claude
angely_18,20.0,,30,safe,claude
sexychanell_18,20.0,,30,safe,claude
katy_18_pocahontas,20.0,,30,safe,claude
fallen_angel_18,20.0,,30,safe,claude
erotic_vibe,20.0,,30,nsfw,arliai
anal_queen_mona,20.0,,30,safe,claude
ahegao_princess,20.0,,30,safe,claude
princes_luna_18,10.0,,30,safe,claude
sweet_kinky_dream,10.0,,30,nsfw,arliai
tessa_tease_,10.0,,30,safe,claude
erotic_dessire,10.0,,30,nsfw,arliai
kinky_karoline,10.0,,30,nsfw,arliai
kinky_kika,10.0,,30,nsfw,arliai
gabrielaa_18,10.0,,30,safe,claude
ami_sweet_18,10.0,,30,safe,claude
asiann_tease,10.0,,30,safe,claude
18_tranny,0.0,,30,safe,claude
camgirl_asia_fox,0.0,,30,safe,claude
katy_18_poc,0.0,,30,safe,claude
dyanne_18,0.0,,30,safe,claude
classy_blonde_camgirl,0.0,,30,nsfw,arliai
fetish_alot_cam,0.0,,30,nsfw,arliai
fetish_life_cam,0.0,,30,nsfw,arliai
3dxchat,,8.0,30,safe,claude
18_lissa,0.0,,20,safe,claude
1ana_18,0.0,,20,safe,claude
zabdi_18,0.0,,20,safe,claude
milf_alice,0.0,,20,safe,claude
sluts__r__us,0.0,,20,nsfw,arliai
slut_porn,0.0,,20,nsfw,arliai
tenderness_18,0.0,,20,safe,claude
tease_me__,0.0,,20,safe,claude
tifani_erotic,0.0,,20,nsfw,arliai
trophy_milf,0.0,,20,safe,claude
kinky_room_,0.0,,20,nsfw,arliai
kinky_ray,0.0,,20,nsfw,arliai
lola_sweet_18,0.0,,20,safe,claude
little_sweet_18,0.0,,20,safe,claude
lari_18,0.0,,20,safe,claude
kinky_kitten_55,0.0,,20,nsfw,arliai
mariath_18,0.0,,20,safe,claude
lovely_sofia_18,0.0,,20,safe,claude
lucy_coy_18,0.0,,20,safe,claude
milf_samie,0.0,,20,safe,claude
milf_shy_,0.0,,20,safe,claude
milf_meli,0.0,,20,safe,claude
inanna_milf,0.0,,20,safe,claude
milf_camshow,0.0,,20,safe,claude
nasty_bimbo,0.0,,20,nsfw,arliai
ms_hot_milf,0.0,,20,safe,claude
sandy_18_,0.0,,20,safe,claude
sash_milf,0.0,,20,safe,claude
ncguy_18,0.0,,20,safe,claude
nikki_peach_18,0.0,,20,safe,claude
milf_ette,0.0,,20,safe,claude
milf_filipina69,0.0,,20,safe,claude
sweet_erotica,0.0,,20,nsfw,arliai
sweet__18__,0.0,,20,safe,claude
sati_milf,0.0,,20,safe,claude
saya_18,0.0,,20,safe,claude
the_milf_steff,0.0,,20,safe,claude
twerk_dance_live,0.0,,20,safe,claude
2_kinky_777,0.0,,20,nsfw,arliai
_patty_18,0.0,,20,safe,claude
_bianca_18,0.0,,20,safe,claude
_blowjob_queen_,0.0,,20,nsfw,arliai
college_slut__,0.0,,20,nsfw,arliai
colombianguys_18,0.0,,20,safe,claude
chantall_18,0.0,,20,safe,claude
babelucy_18,0.0,,20,safe,claude
aren_18,0.0,,20,safe,claude
lesbians_milf,0.0,,20,safe,claude
littledoll_18,0.0,,20,safe,claude
violetmyers_18,0.0,,20,safe,claude
jeong_18,0.0,,20,safe,claude
jialissa_18,0.0,,20,safe,claude
isabella_milf_,0.0,,20,safe,claude
gaaby_18,0.0,,20,safe,claude
erotic_couples,0.0,,20,nsfw,arliai
webcam_slut,0.0,,20,nsfw,arliai
fetish_life,0.0,,20,nsfw,arliai
fit___girl,0.0,,20,safe,claude
erotic_owl,0.0,,20,nsfw,arliai
cum__sluts,0.0,,20,nsfw,arliai
colete_milf,0.0,,20,safe,claude
erotic_ebony_,0.0,,20,nsfw,arliai
chanell_milf,0.0,,20,safe,claude
future_milf,0.0,,20,safe,claude
french_girl_,0.0,,20,safe,claude
ginavalentina_18,0.0,,20,safe,claude
hawt_ass_milf,0.0,,20,nsfw,arliai
greatlakes_milf,0.0,,20,safe,claude
hairy_milf_,0.0,,20,safe,claude
garmonic_milf,0.0,,20,safe,claude
your_milfa,0.0,,20,safe,claude
airi_tease,0.0,,20,safe,claude
abby_milf,0.0,,20,safe,claude
alexa__milf,0.0,,20,safe,claude
youth_milf,0.0,,20,safe,claude
beauty__18,0.0,,20,safe,claude
bonnie__milf,0.0,,20,safe,claude
alana__milf,0.0,,20,safe,claude
anal_mommy,0.0,,20,safe,claude
alex_tease__,0.0,,20,safe,claude
tattooed_camgirl_cums_on_cam,0.0,,10,nsfw,arliai
sweet_slut_cam,0.0,,10,nsfw,arliai
pale_chubby_busty_camgirl,0.0,,10,safe,claude
red_head_anal_cam,0.0,,10,safe,claude
indian_camgirl_eva,0.0,,10,safe,claude
very_hot_young_blonde_on_cam,0.0,,10,safe,claude
matched_keywords_filtered,,,10,safe,claude
teen_brunette_cums_on_cam,0.0,,10,nsfw,arliai
shy_teen_camgirl_hairy_pussy,0.0,,10,nsfw,arliai
cleaned_indiancamgirl_keywords,,,10,safe,claude
double_dildo_deepthroat,0.0,,10,nsfw,arliai
dildo_deepthroat,0.0,,10,nsfw,arliai
cute_blonde_young_camgirl,0.0,,10,safe,claude
anal_dildo_redhead_cam,0.0,,10,nsfw,arliai
chaturbate_tags,,689.0,10,safe,claude
c2c,,76.0,10,safe,claude
camgirl_asian,0.0,,10,safe,claude
cam_teen__2_,0.0,,10,safe,claude
_nasty_gal_cam,0.0,,10,nsfw,arliai
3933161_red_head_anal_cam,0.0,,10,safe,claude
